minute,cpu_load
0,0.036865234375
5,0.006718635559082031
12,0.001262664794921875
15,0.24217700958251953
20,0.013458251953125
25,0.00388336181640625
30,0.00033283233642578125
45,0.842987060546875
55,0.008190155029296875
75,0.000431060791015625
95,0.10927772521972656
100,0.6762771606445312
105,0.013589859008789062
115,0.022186279296875
120,2.913818359375
125,0.02053070068359375
130,0.00048732757568359375
140,0.002285003662109375
145,0.000629425048828125
150,0.035858154296875
155,0.00244903564453125
160,0.00383758544921875
165,0.00012493133544921875
170,0.000701904296875
195,0.17466354370117188
200,0.0045013427734375
214,0.00457763671875
230,0.007947921752929688
240,0.03994178771972656
245,0.002170562744140625
247,0.00030517578125
258,0.005706787109375
260,0.0017108917236328125
265,0.051116943359375
275,0.003692626953125
280,0.897674560546875
285,4.1751861572265625
288,0.2969512939453125
290,0.0018749237060546875
295,0.00228118896484375
310,0.19925689697265625
320,0.004794120788574219
325,0.027147293090820312
330,0.002685546875
335,2.0635032653808594
345,0.0002880096435546875
350,0.01334381103515625
355,0.0013446807861328125
360,10.382072448730469
380,0.10476875305175781
385,0.403564453125
389,0.00263214111328125
391,0.0015020370483398438
405,0.014520645141601562
411,0.0005407333374023438
415,0.312530517578125
420,0.00188446044921875
425,3.0875425338745117
430,0.9150619506835938
434,0.00379180908203125
435,0.614837646484375
440,34.685546875
441,0.015583038330078125
470,0.0011301040649414062
480,0.006472587585449219
490,2.892580032348633
535,0.31499290466308594
550,0.2672576904296875
555,0.615966796875
570,0.00290679931640625
575,0.2691650390625
580,0.0018711090087890625
588,0.0016307830810546875
590,0.172821044921875
595,32.37451171875
610,0.4787139892578125
630,0.8236083984375
635,0.9388427734375
660,0.6563186645507812
667,0.000148773193359375
674,0.00019931793212890625
685,0.06641387939453125
688,0.04270172119140625
690,0.007775306701660156
694,0.00010967254638671875
695,0.01836395263671875
697,0.00043582916259765625
699,6.771087646484375e-05
705,3.2322235107421875
710,0.007843017578125
711,0.0001983642578125
715,0.0135040283203125
725,0.009809494018554688
735,1.222869873046875
755,0.007529258728027344
765,0.0017948150634765625
770,0.6660041809082031
785,0.00701141357421875
795,0.18751144409179688
810,6.866455078125e-05
820,0.0008068084716796875
830,0.0015344619750976562
835,0.0020170211791992188
840,0.4611358642578125
845,0.02039337158203125
869,0.003307342529296875
870,0.01678466796875
875,0.005026817321777344
877,0.0
880,0.00621795654296875
883,0.00138092041015625
885,0.00274658203125
900,1.4264144897460938
915,0.003765106201171875
930,0.2501106262207031
945,0.13861083984375
948,0.0
950,0.18755340576171875
960,0.08565711975097656
984,0.00186920166015625
986,0.0005598068237304688
988,0.00341796875
990,0.002506256103515625
1010,0.0048351287841796875
1015,0.0001926422119140625
1020,0.0006694793701171875
1035,0.133087158203125
1050,0.01422119140625
1058,0.0004062652587890625
1065,0.0007238388061523438
1070,0.05657958984375
1080,0.0080718994140625
1084,0.0
1085,0.07806396484375
1092,0.0001926422119140625
1110,0.155181884765625
1115,0.3637580871582031
1120,0.0600738525390625
1141,0.02313232421875
1145,0.03555488586425781
1150,0.1182861328125
1155,0.021778106689453125
1165,0.00015735626220703125
1167,0.0
1170,0.0025129318237304688
1175,0.00180816650390625
1176,0.0041751861572265625
1180,0.0018329620361328125
1190,0.0521697998046875
1195,0.011621475219726562
1200,0.18082427978515625
1205,4.98291015625
1207,0.0007171630859375
1215,0.016448974609375
1217,0.011444091796875
1220,0.8891258239746094
1225,0.08687973022460938
1236,0.00121307373046875
1240,0.000812530517578125
1245,0.025583267211914062
1249,0.0
1258,3.814697265625e-06
1260,0.062255859375
1270,7.1241559982299805
1290,0.0009307861328125
1297,0.0004787445068359375
1300,0.3170166015625
1306,0.004630088806152344
1315,0.19313812255859375
1317,0.00010395050048828125
1320,0.001220703125
1330,0.0269317626953125
1333,0.03179931640625
1335,0.28775787353515625
1350,7.865142822265625
1352,0.0
1355,0.3669242858886719
1360,0.0007677078247070312
1365,0.22789573669433594
1370,0.4077339172363281
1377,4.092041015625
1380,0.0058040618896484375
1390,0.0021076202392578125
1400,0.09173583984375
1413,0.0
1420,0.6746826171875
1426,0.00213623046875
1430,1.62396240234375
1440,0.000431060791015625
1445,0.0014925003051757812
1450,0.48233795166015625
1452,0.0006580352783203125
1460,0.08228683471679688
1480,0.0494384765625
1485,0.12955856323242188
1486,0.0009756088256835938
1488,0.0003604888916015625
1490,12.752593994140625
1525,30.553668975830078
1535,0.012969970703125
1545,3.6257972717285156
1550,0.0003299713134765625
1570,0.003467559814453125
1573,0.000339508056640625
1579,0.001232147216796875
1585,0.16999053955078125
1590,1.3872299194335938
1595,0.0004978179931640625
1610,0.0043849945068359375
1620,0.1845703125
1625,12.74810791015625
1629,0.00165557861328125
1640,0.10966873168945312
1641,0.0102081298828125
1650,0.00139617919921875
1660,0.5387668609619141
1705,0.0007610321044921875
1712,0.0
1715,0.0
1730,0.005658149719238281
1733,0.002269744873046875
1735,0.0011749267578125
1743,0.00286102294921875
1745,0.04171466827392578
1753,0.049701690673828125
1760,0.666015625
1780,0.032684326171875
1805,0.4728279113769531
1815,0.07373046875
1817,0.007348060607910156
1820,0.34814453125
1823,0.00034618377685546875
1830,0.07071685791015625
1850,0.4050006866455078
1860,1.6385841369628906
1863,0.010835647583007812
1865,0.08267974853515625
1870,1.2179946899414062
1880,0.027862548828125
1883,0.1975421905517578
1908,0.0007181167602539062
1910,0.03597259521484375
1925,12.038555145263672
1930,0.330596923828125
1934,0.0007200241088867188
1935,0.00016880035400390625
1945,0.3243560791015625
1950,0.07904052734375
1965,0.0
1970,0.44915771484375
1972,0.009307861328125
1973,0.0008230209350585938
1975,0.0355682373046875
1981,0.023360252380371094
1988,0.0001697540283203125
2000,0.754852294921875
2023,0.0018711090087890625
2038,0.0012531280517578125
2045,0.16387939453125
2053,0.003753662109375
2056,0.00040340423583984375
2057,0.0010709762573242188
2075,0.002040863037109375
2085,1.7003631591796875
2089,0.024871826171875
2090,0.00211334228515625
2105,0.04128265380859375
2107,0.000370025634765625
2108,0.0
2134,0.0006113052368164062
2135,0.00015544891357421875
2140,0.0005626678466796875
2145,1.1854476928710938
2160,0.167816162109375
2162,0.0
2165,0.0007572174072265625
2190,0.02925872802734375
2199,0.003864288330078125
2205,0.06634330749511719
2215,2.5157470703125
2239,0.0022125244140625
2240,0.5200309753417969
2246,3.8515625
2250,0.004673957824707031
2255,0.28289794921875
2260,0.5517215728759766
2290,0.226806640625
2298,0.0008373260498046875
2304,9.441375732421875e-05
2305,0.0033807754516601562
2308,0.0006341934204101562
2317,0.0002841949462890625
2318,0.001689910888671875
2320,2.568206787109375
2327,0.0011587142944335938
2333,0.21368408203125
2335,0.04442787170410156
2340,0.022966384887695312
2365,0.0
2370,0.088623046875
2375,0.03089427947998047
2380,0.02045440673828125
2385,3.6240062713623047
2390,0.03450298309326172
2410,0.14100265502929688
2412,0.00012111663818359375
2415,0.421905517578125
2420,1.3806123733520508
2425,0.27107810974121094
2445,0.08599281311035156
2451,0.00457763671875
2455,0.02262115478515625
2465,0.00023937225341796875
2475,0.06569671630859375
2478,0.001491546630859375
2488,7.9837646484375
2495,0.85809326171875
2500,0.8092803955078125
2505,23.19708251953125
2509,0.003643035888671875
2515,0.0966796875
2516,0.0181884765625
2520,0.00731658935546875
2525,0.002017974853515625
2538,0.1680908203125
2545,0.044956207275390625
2549,0.0011539459228515625
2550,0.003284454345703125
2551,0.0003681182861328125
2552,0.002071380615234375
2554,0.0
2555,1.8161306381225586
2560,0.016958236694335938
2565,39.55333709716797
2569,0.002338409423828125
2580,0.004680633544921875
2581,0.001102447509765625
2583,0.005401611328125
2584,0.02748870849609375
2585,0.05727577209472656
2586,0.0018482208251953125
2587,0.005809783935546875
2589,0.00325775146484375
2590,0.9866142272949219
2600,0.15634918212890625
2610,0.0013885498046875
2611,0.00223541259765625
2612,0.00463104248046875
2613,0.0022001266479492188
2614,0.002758026123046875
2615,0.0005035400390625
2620,0.008892059326171875
2627,0.028176307678222656
2635,0.012231826782226562
2645,0.0096282958984375
2650,0.00160980224609375
2651,0.0005245208740234375
2658,0.0037078857421875
2661,0.0007305145263671875
2670,1.2337350845336914
2675,0.000156402587890625
2680,0.04784107208251953
2681,0.00039768218994140625
2685,0.0330047607421875
2690,0.008960723876953125
2705,0.011751174926757812
2710,0.15683746337890625
2711,0.0006389617919921875
2715,2.0764389038085938
2720,0.001483917236328125
2730,0.00609588623046875
2755,0.020172119140625
2758,0.001926422119140625
2760,0.00911712646484375
2765,0.694610595703125
2775,0.00044345855712890625
2790,0.93133544921875
2798,0.0
2800,0.736175537109375
2815,0.0086517333984375
2820,0.0357666015625
2830,8.218618392944336
2832,0.000396728515625
2834,0.00264739990234375
2835,0.012463569641113281
2858,0.5466861724853516
2862,0.0005350112915039062
2870,5.07354736328125
2880,0.43700408935546875
2885,0.003124237060546875
2897,0.00040912628173828125
2905,0.0041961669921875
2910,22.30078125
2915,0.029664993286132812
2916,0.0122833251953125
2917,0.00586700439453125
2925,0.0052032470703125
2940,0.0018205642700195312
2945,0.019012451171875
2955,9.5367431640625e-05
2965,0.00885772705078125
2970,2.0661163330078125
2975,0.0067138671875
2980,3.78863525390625
3003,0.004730224609375
3010,3.5079345703125
3011,0.0007114410400390625
3030,0.0006361007690429688
3035,0.0007104873657226562
3040,0.00027370452880859375
3050,47.581787109375
3055,0.00577545166015625
3058,0.003223419189453125
3060,0.08371353149414062
3075,0.083465576171875
3079,0.01764678955078125
3080,0.14597320556640625
3100,0.00615692138671875
3105,0.00029754638671875
3110,0.0038509368896484375
3120,0.05419921875
3125,0.095306396484375
3135,0.01158905029296875
3150,0.07935905456542969
3155,0.013427734375
3157,0.0
3165,0.8795623779296875
3166,0.00047206878662109375
3170,0.0097198486328125
3190,0.008566856384277344
3195,0.0890960693359375
3197,0.0010728836059570312
3205,0.025961875915527344
3215,0.5464181900024414
3230,0.0003948211669921875
3239,2.618408203125
3240,0.071136474609375
3245,0.32135581970214844
3260,0.12809371948242188
3265,2.6985387802124023
3270,0.02838134765625
3285,0.042130470275878906
3290,0.395538330078125
3300,0.02163410186767578
3305,0.00331878662109375
3310,1.0720443725585938
3325,0.00726318359375
3360,0.03302001953125
3365,0.02872467041015625
3368,0.00154876708984375
3375,0.010951995849609375
3386,0.0002460479736328125
3390,0.007510185241699219
3405,0.011554718017578125
3415,0.006072998046875
3430,0.1327190399169922
3453,0.025488853454589844
3455,0.002017974853515625
3466,0.0001888275146484375
3485,0.1056060791015625
3491,0.00021076202392578125
3500,0.7047328948974609
3515,0.031798362731933594
3524,0.0012378692626953125
3535,0.06186676025390625
3543,0.00021076202392578125
3555,0.008803367614746094
3560,0.00011730194091796875
3570,0.011066436767578125
3590,0.03810882568359375
3597,0.00039005279541015625
3600,0.02809429168701172
3605,0.00519561767578125
3610,47.07805633544922
3615,0.0004825592041015625
3620,0.014010429382324219
3670,0.34654998779296875
3673,0.0007476806640625
3675,0.09609508514404297
3685,0.0114288330078125
3695,0.006374359130859375
3696,0.0
3705,0.41565513610839844
3709,0.0002288818359375
3726,0.23654937744140625
3730,0.0031986236572265625
3745,0.1873779296875
3750,9.918212890625e-05
3760,0.8703193664550781
3770,0.0035247802734375
3775,0.0481719970703125
3795,0.009572982788085938
3805,0.04988861083984375
3810,0.010528564453125
3820,0.3046989440917969
3840,0.00018024444580078125
3845,0.0872802734375
3846,0.0002880096435546875
3853,0.0
3855,0.0012760162353515625
3857,0.003177642822265625
3860,1.0161209106445312
3865,0.002323150634765625
3875,0.027435302734375
3885,0.011775970458984375
3890,0.41852760314941406
3900,0.41933441162109375
3911,0.00382232666015625
3915,0.04923439025878906
3920,8.4462890625
3930,0.7955093383789062
3937,0.00043773651123046875
3938,0.00060272216796875
3940,0.04648590087890625
3941,0.06076812744140625
3949,0.0247802734375
3950,0.0005950927734375
3971,0.00420379638671875
3976,0.01613616943359375
3980,0.010345458984375
3982,0.55712890625
3988,0.0001888275146484375
4000,0.0016956329345703125
4005,0.019763946533203125
4012,0.00504302978515625
4020,0.59088134765625
4025,0.00392913818359375
4040,1.73553466796875
4055,0.006824493408203125
4058,0.002391815185546875
4060,0.028230667114257812
4075,0.03570556640625
4080,0.003849029541015625
4085,7.43865966796875e-05
4090,0.00665283203125
4095,0.025798797607421875
4097,0.00424957275390625
4105,0.0002651214599609375
4119,0.003326416015625
4120,0.044631004333496094
4125,0.017248153686523438
4130,0.01531982421875
4135,0.017486572265625
4159,0.0008230209350585938
4160,0.1902313232421875
4165,8.0108642578125e-05
4180,0.032958984375
4190,0.008392333984375
4194,2.1669998168945312
4205,21.46466064453125
4208,0.00029850006103515625
4216,0.00150299072265625
4225,9.1552734375e-05
4226,0.0
4230,0.00341796875
4239,0.00514984130859375
4240,0.002796173095703125
4245,0.7470703125
4250,0.47873878479003906
4255,0.32940673828125
4261,0.0
4280,1.7852783203125
4295,0.03277587890625
4300,0.0055446624755859375
4303,0.001880645751953125
4310,0.0693359375
4315,0.135009765625
4325,0.027617454528808594
4330,0.024906158447265625
4335,0.00162506103515625
4340,0.023895263671875
4345,0.2266254425048828
4350,1.3372802734375
4352,0.0044708251953125
4355,0.112579345703125
4360,0.09759521484375
4370,0.00164794921875
4373,0.010890960693359375
4385,0.0107269287109375
4387,0.0084686279296875
4392,0.0009050369262695312
4395,0.0014171600341796875
4400,0.017879486083984375
4404,0.00263214111328125
4405,0.002838134765625
4415,0.0012340545654296875
4427,0.0
4435,0.0248565673828125
4447,0.00038433074951171875
4450,0.04813385009765625
4453,0.4355621337890625
4455,0.00013446807861328125
4465,0.06370067596435547
4475,0.335540771484375
4480,0.030792236328125
4483,0.004385948181152344
4485,0.446044921875
4500,0.0026702880859375
4518,0.06338691711425781
4525,0.6389675140380859
4545,0.005364418029785156
4559,0.0017452239990234375
4560,0.9293060302734375
4575,0.3263092041015625
4600,0.36345863342285156
4605,0.0051212310791015625
4615,0.000240325927734375
4620,0.5325899124145508
4625,0.205413818359375
4640,0.02399444580078125
4645,0.00782012939453125
4650,0.00033283233642578125
4655,0.0009746551513671875
4659,0.0009288787841796875
4670,0.01720142364501953
4677,0.00046634674072265625
4680,0.002658843994140625
4696,0.00016880035400390625
4700,0.73199462890625
4710,1.5559577941894531
4715,5.4638671875
4716,0.00033473968505859375
4720,0.906402587890625
4732,0.0
4735,0.001552581787109375
4745,2.829833984375
4750,2.0713348388671875
4752,0.0
4760,0.02740478515625
4775,0.002613067626953125
4778,0.0006561279296875
4795,0.009081840515136719
4796,0.00026226043701171875
4801,0.0007238388061523438
4810,1.94091796875
4819,0.0208282470703125
4820,0.0650177001953125
4849,0.0
4860,0.2171173095703125
4862,0.0
4870,3.310791015625
4875,0.00018310546875
4900,0.227294921875
4903,0.000431060791015625
4920,0.000457763671875
4926,7.7834930419921875
4935,0.018768310546875
4940,0.26126861572265625
4945,0.02227783203125
4955,0.00482940673828125
4960,18.8671875
4962,8.869171142578125e-05
4975,0.00347900390625
4989,0.020172119140625
4990,0.269317626953125
5001,0.011181831359863281
5003,9.5367431640625e-07
5005,0.056732177734375
5010,0.0003509521484375
5015,0.010494232177734375
5025,0.022613525390625
5035,0.020959854125976562
5045,0.00453948974609375
5046,1.9073486328125e-06
5048,0.0011310577392578125
5067,0.02443981170654297
5070,0.01934814453125
5075,0.0400543212890625
5090,0.06114482879638672
5095,0.42705821990966797
5096,0.011444091796875
5097,0.0003204345703125
5101,0.0
5110,0.447265625
5120,0.01203155517578125
5145,0.560272216796875
5160,0.10758399963378906
5165,0.002593994140625
5178,0.0008831024169921875
5195,0.007523536682128906
5200,0.005541801452636719
5220,0.001499176025390625
5230,0.04388427734375
5235,0.025238037109375
5240,0.2009124755859375
5245,0.0018253326416015625
5246,0.0
5255,0.10784912109375
5260,0.0858917236328125
5275,0.006783485412597656
5285,2.454038619995117
5291,0.0
5295,0.0029449462890625
5296,0.0018672943115234375
5300,0.0029649734497070312
5302,0.00044727325439453125
5315,0.0005865097045898438
5330,0.10833740234375
5335,0.0218505859375
5345,0.00013828277587890625
5350,0.0007476806640625
5361,0.0006303787231445312
5363,0.003650665283203125
5370,0.0001983642578125
5380,0.13286209106445312
5381,0.01611328125
5385,0.23262405395507812
5395,1.68365478515625
5405,0.000133514404296875
5410,0.03961181640625
5415,0.035400390625
5423,0.00261688232421875
5430,0.21026611328125
5435,0.5115966796875
5440,0.31097412109375
5450,0.7129669189453125
5455,0.122222900390625
5475,0.0008487701416015625
5480,0.59326171875
5490,9.632110595703125e-05
5495,3.397536277770996
5520,0.002651214599609375
5525,26.486328125
5539,0.08955001831054688
5550,0.014960289001464844
5555,0.731170654296875
5565,0.06184577941894531
5580,0.0139617919921875
5590,0.0022430419921875
5595,0.00016880035400390625
5610,1.23046875
5615,0.232421875
5632,0.0002422332763671875
5640,0.026309967041015625
5680,0.027008056640625
5694,0.04180908203125
5695,0.027065277099609375
5700,0.0002651214599609375
5710,0.0
5725,3.3196640014648438
5727,0.000308990478515625
5730,0.0015773773193359375
5745,0.003368377685546875
5750,3.62860107421875
5755,0.012803077697753906
5767,0.0283203125
5770,0.14418983459472656
5775,0.07684707641601562
5790,0.01270294189453125
5800,0.001796722412109375
5806,0.004741668701171875
5820,0.0008563995361328125
5830,0.0029582977294921875
5835,0.11274909973144531
5845,0.0063018798828125
5847,0.0005016326904296875
5849,0.0058345794677734375
5855,0.000141143798828125
5865,8.678436279296875e-05
5888,0.0006933212280273438
5894,0.001476287841796875
5895,0.00021457672119140625
5905,0.14464187622070312
5910,0.00934600830078125
5915,0.0034332275390625
5920,0.04338836669921875
5925,1.2348175048828125
5960,0.0256500244140625
5980,0.3177490234375
5985,0.01348114013671875
5995,0.002330780029296875
5999,0.002285003662109375
6002,0.00450897216796875
6010,0.07523345947265625
6015,2.9132080078125
6036,0.00032329559326171875
6049,0.0031585693359375
6060,0.001705169677734375
6070,0.371734619140625
6088,0.03136920928955078
6100,0.0020599365234375
6125,0.0007152557373046875
6135,0.000858306884765625
6155,0.004668235778808594
6160,4.9366455078125
6173,0.0005283355712890625
6188,0.00042819976806640625
6190,0.13641357421875
6195,0.0008325576782226562
6205,0.013475418090820312
6210,1.0727691650390625
6213,0.003559112548828125
6255,0.00726318359375
6265,0.0025320053100585938
6280,0.0023040771484375
6285,0.0148468017578125
6305,0.0014781951904296875
6320,0.5831298828125
6324,0.00019741058349609375
6340,0.349365234375
6345,0.0028352737426757812
6346,0.0002460479736328125
6350,0.9215164184570312
6355,0.0005435943603515625
6370,0.0001735687255859375
6375,0.38067626953125
6380,0.044864654541015625
6390,0.06044769287109375
6395,9.1552734375e-05
6435,0.0020999908447265625
6440,13.458251953125
6445,0.045719146728515625
6472,0.00148773193359375
6474,0.001132965087890625
6496,0.00041675567626953125
6498,0.00043582916259765625
6503,0.00119781494140625
6515,0.00682830810546875
6520,0.0017719268798828125
6526,0.00041675567626953125
6535,2.0986785888671875
6538,0.0
6545,13.244514465332031
6550,0.0018520355224609375
6556,0.0001049041748046875
6557,0.0006322860717773438
6565,0.1778564453125
6580,0.000217437744140625
6581,0.0007171630859375
6590,0.0068206787109375
6605,0.03771495819091797
6616,0.0
6624,0.0013408660888671875
6630,5.60943603515625
6635,0.00244140625
6650,0.0002613067626953125
6660,0.676422119140625
6675,0.0148468017578125
6685,0.0023193359375
6690,0.0044345855712890625
6695,0.4332847595214844
6705,1.6367645263671875
6710,0.0113677978515625
6715,0.00165557861328125
6719,0.00010395050048828125
6721,6.198883056640625e-05
6735,0.10541820526123047
6738,0.00324249267578125
6760,0.0005092620849609375
6770,0.0052928924560546875
6780,0.3919677734375
6810,0.04754447937011719
6817,0.003032684326171875
6818,0.0033416748046875
6819,0.01413726806640625
6820,0.00263214111328125
6825,0.11993408203125
6834,0.00334930419921875
6845,0.193328857421875
6863,0.009853363037109375
6865,0.0081939697265625
6868,0.0004444122314453125
6875,1.4977025985717773
6880,0.0059986114501953125
6896,0.00439453125
6900,0.6102180480957031
6910,8.1280517578125
6915,0.00152587890625
6925,1.9248199462890625
6955,0.00675201416015625
6965,0.00061798095703125
6970,0.00023651123046875
6975,0.0469970703125
6990,0.07891845703125
7005,9.5367431640625e-07
7015,0.008381843566894531
7020,0.00494384765625
7025,0.031229019165039062
7033,0.0004367828369140625
7045,0.15766525268554688
7055,0.00274658203125
7075,0.0018863677978515625
7100,0.03995800018310547
7105,1.7403717041015625
7108,0.00011539459228515625
7115,0.038726806640625
7135,1.271484375
7136,0.04861259460449219
7150,0.04433441162109375
7161,0.0166015625
7165,0.33275604248046875
7175,0.014802932739257812
7180,0.8243255615234375
7185,0.008900642395019531
7200,0.080780029296875
7205,0.0146484375
7207,6.389617919921875e-05
7210,0.00011730194091796875
7212,0.03682136535644531
7225,8.49876594543457
7240,0.0002880096435546875
7249,0.010479927062988281
7250,0.2899169921875
7251,0.001293182373046875
7255,0.0069427490234375
7260,0.0007915496826171875
7265,0.00017261505126953125
7280,0.002956390380859375
7285,0.0031757354736328125
7294,0.0693206787109375
7315,0.000171661376953125
7325,0.42572021484375
7345,33.799560546875
7350,0.009492874145507812
7355,1.0552978515625
7367,0.00042438507080078125
7370,0.43310546875
7375,0.1204833984375
7411,5.626678466796875e-05
7430,0.002208709716796875
7438,0.00042247772216796875
7445,0.5467262268066406
7447,0.0
7470,0.399169921875
7478,8.106231689453125e-05
7479,0.0
7495,1.2079315185546875
7500,7.82012939453125e-05
7548,0.0
7554,0.0008306503295898438
7565,13.851816177368164
7569,1.430511474609375e-05
7575,0.0138092041015625
7580,0.01239013671875
7585,0.7119007110595703
7595,0.5246200561523438
7605,5.53045654296875
7640,0.0009355545043945312
7646,0.000804901123046875
7656,0.035858154296875
7660,0.02325439453125
7666,0.000652313232421875
7670,0.0043010711669921875
7680,0.004085540771484375
7685,0.0043182373046875
7695,0.02149200439453125
7705,0.0135650634765625
7710,0.143280029296875
7735,0.0003108978271484375
7745,0.01026153564453125
7753,0.0004730224609375
7755,0.0225830078125
7795,0.030798912048339844
7800,0.0213623046875
7805,0.023316383361816406
7867,0.006592750549316406
7875,4.476523399353027
7880,0.1535167694091797
7895,0.0006999969482421875
7910,10.23175048828125
7925,0.038031578063964844
7945,0.163482666015625
7950,0.0005817413330078125
7958,0.00023174285888671875
7960,0.0623779296875
7965,0.00012874603271484375
7977,0.0
7985,0.0070343017578125
7990,0.24207687377929688
8000,0.03521728515625
8010,0.00180816650390625
8015,4.896148681640625
8019,0.002452850341796875
8020,0.000125885009765625
8025,0.0136871337890625
8035,8.869171142578125e-05
8040,0.00110626220703125
8050,0.0011463165283203125
8055,0.029679298400878906
8060,0.033171653747558594
8062,0.168914794921875
8065,0.01677417755126953
8072,0.0028018951416015625
8075,0.08678817749023438
8100,0.00014209747314453125
8110,0.2528076171875
8120,0.012846946716308594
8124,5.626678466796875e-05
8125,0.0001506805419921875
8129,0.0015411376953125
8141,0.0
8142,0.0025177001953125
8150,0.00782012939453125
8155,0.1914205551147461
8158,0.00035858154296875
8160,0.010474205017089844
8170,0.0845947265625
8180,0.0016222000122070312
8188,0.0
8255,0.00037860870361328125
8260,0.5179157257080078
8265,0.1090087890625
8270,0.012371063232421875
8290,0.343505859375
8299,0.002109527587890625
8310,0.695770263671875
8315,1.581573486328125
8340,0.0029239654541015625
8345,3.475311279296875
8355,0.0002651214599609375
8375,0.0006208419799804688
8380,0.0349273681640625
8385,0.060699462890625
8395,4.28466796875
8400,0.0013675689697265625
8405,0.000858306884765625
8410,0.02752685546875
8417,0.0502777099609375
8430,3.8558807373046875
8440,2.145244598388672
8443,0.0
8445,0.0084991455078125
8450,0.679931640625
8451,1.1199951171875
8465,0.28564453125
8470,12.4906005859375
8475,0.0203399658203125
8480,0.20703125
8485,0.09027099609375
8500,0.0027780532836914062
8516,0.003391265869140625
8530,0.017425537109375
8535,0.0001621246337890625
8545,0.01132965087890625
8547,0.0489501953125
8555,0.0025482177734375
8565,0.016815185546875
8600,0.0148773193359375
8630,1.4306869506835938
8635,0.002574920654296875
8643,0.003353118896484375
8645,0.0038709640502929688
8649,0.2123260498046875
8650,0.0234375
8651,0.0017795562744140625
8655,0.044681549072265625
8660,0.04583740234375
8665,0.0
8675,0.018096923828125
8680,0.5955810546875
8685,0.33298492431640625
8694,0.0
8700,26.89453125
8710,3.75
8725,0.7141075134277344
8740,0.724365234375
8750,0.07061767578125
8762,0.0
8765,17.529403686523438
8784,0.00022411346435546875
8785,0.031103134155273438
8790,0.002490997314453125
8795,0.0007915496826171875
8810,0.0074672698974609375
8815,0.00042629241943359375
8820,0.0223846435546875
8837,0.0004444122314453125
8860,0.002490997314453125
8865,0.0021791458129882812
8870,0.0030059814453125
8890,0.0122528076171875
8900,0.004799842834472656
8910,0.003025054931640625
8912,0.00508880615234375
8913,0.0036773681640625
8915,0.2061614990234375
8920,0.44006824493408203
8940,0.0274810791015625
8965,0.008907318115234375
8975,0.00156402587890625
8980,0.006805419921875
8995,0.037837982177734375
9015,3.7872314453125
9045,0.5350112915039062
9070,0.001041412353515625
9080,0.0
9090,0.0054931640625
9110,0.1398458480834961
9115,2.732942581176758
9125,3.5418701171875
9133,0.0015649795532226562
9150,0.0120086669921875
9155,0.0040225982666015625
9170,2.009124755859375
9185,0.90576171875
9198,0.0048980712890625
9205,1.89691162109375
9210,0.000553131103515625
9230,0.006526947021484375
9241,0.0
9246,0.003078460693359375
9255,0.011322021484375
9262,0.009489059448242188
9290,0.000507354736328125
9293,0.030673980712890625
9330,1.3733291625976562
9335,0.183624267578125
9346,0.002208709716796875
9355,2.006011962890625
9360,10.106719970703125
9370,0.005100250244140625
9380,0.099365234375
9395,2.49078369140625
9400,0.008905410766601562
9410,0.1735687255859375
9415,0.001476287841796875
9418,0.0
9420,0.27213287353515625
9430,0.01894378662109375
9434,0.06649303436279297
9435,0.22240447998046875
9455,0.019134521484375
9460,0.0041656494140625
9463,0.0005121231079101562
9475,0.2242584228515625
9480,0.13324737548828125
9485,0.0496826171875
9495,0.12027740478515625
9510,0.00011157989501953125
9513,0.04412841796875
9515,0.20692825317382812
9517,0.002391815185546875
9526,5.245208740234375e-05
9530,0.0522613525390625
9536,2.002716064453125e-05
9537,4.3009185791015625
9550,0.00015544891357421875
9580,0.057220458984375
9585,0.000125885009765625
9594,0.00041961669921875
9610,0.1513671875
9625,0.009844779968261719
9635,0.06555747985839844
9639,0.000217437744140625
9655,0.053429603576660156
9660,0.03886604309082031
9665,0.00019741058349609375
9675,0.033447265625
9680,0.0015926361083984375
9690,0.002559661865234375
9695,0.0018596649169921875
9705,0.00844573974609375
9710,0.0013103485107421875
9715,0.0014505386352539062
9740,0.0347900390625
9755,0.009857177734375
9761,0.056396484375
9780,5.9691162109375
9785,0.3953275680541992
9800,0.0002689361572265625
9805,0.00012493133544921875
9810,0.001163482666015625
9826,6.4849853515625e-05
9845,0.3310527801513672
9850,0.2481842041015625
9855,0.16162109375
9860,0.27374267578125
9865,0.80938720703125
9875,0.6762962341308594
9880,6.2754058837890625
9884,0.0
9890,0.019866943359375
9895,0.0404052734375
9900,0.0
9908,0.00388336181640625
9915,0.002521514892578125
9917,0.0
9919,0.25885772705078125
9920,0.0002346038818359375
9925,0.008836746215820312
9930,0.001220703125
9934,0.03302192687988281
9955,0.0508880615234375
9975,0.01572418212890625
9977,0.0008182525634765625
10025,0.5316162109375
10030,0.1152191162109375
10040,0.006651878356933594
10055,0.0077991485595703125
10087,0.0649261474609375
10095,0.000972747802734375
10098,0.0012874603271484375
10105,0.046142578125
10120,0.020843505859375
10135,6.008148193359375e-05
10136,0.0177001953125
10150,0.0121612548828125
10153,0.004062652587890625
10155,1.50909423828125
10160,0.0863199234008789
10180,0.6401538848876953
10197,0.0
10230,0.00360870361328125
10260,0.28900146484375
10275,0.006842613220214844
10290,0.1105499267578125
10310,0.11803436279296875
10325,0.111083984375
10340,0.028967857360839844
10350,0.010013580322265625
10365,0.02653026580810547
10377,0.0
10400,0.001995086669921875
10405,0.8131980895996094
10430,0.010085105895996094
10445,3.272735595703125
10455,0.023382186889648438
10467,0.001850128173828125
10470,1.749481201171875
10480,0.05348968505859375
10485,0.146392822265625
10490,0.009521484375
10501,0.00485992431640625
10508,0.0002002716064453125
10515,1.535797119140625
10530,0.01654052734375
10550,0.0014019012451171875
10554,0.0
10565,0.0024232864379882812
10575,0.0022869110107421875
10603,0.000370025634765625
10605,0.19287109375
10610,0.0051422119140625
10625,0.009126663208007812
10660,0.5073471069335938
10680,0.026035308837890625
10685,0.0731964111328125
10690,0.017375946044921875
10710,0.161376953125
10715,0.08424091339111328
10720,0.03931999206542969
10750,2.0355377197265625
10755,0.11654281616210938
10762,1.40960693359375
10763,0.00013446807861328125
10765,0.007037162780761719
10773,0.05335235595703125
10799,0.05702972412109375
10806,0.07012176513671875
10815,0.0451812744140625
10820,0.00390625
10825,0.533599853515625
10834,0.0014896392822265625
10840,0.0009279251098632812
10845,0.00037384033203125
10850,0.0017490386962890625
10880,0.04126739501953125
10902,0.0
10910,0.0047149658203125
10915,0.247406005859375
10930,0.000179290771484375
10945,0.0345611572265625
10946,0.0093536376953125
10960,0.1904296875
10980,0.0017499923706054688
10985,0.051025390625
10988,0.03417778015136719
10995,1.4556884765625
10997,0.06814956665039062
11020,0.01476287841796875
11023,0.0003299713134765625
11040,0.004840850830078125
11047,0.0006866455078125
11050,0.017023086547851562
11055,0.03954887390136719
11060,0.001842498779296875
11080,12.69580078125
11085,0.018100738525390625
11115,0.007415771484375
11125,0.13037109375
11135,0.06294822692871094
11140,0.11826705932617188
11160,0.004185676574707031
11165,1.25732421875
11170,0.07097625732421875
11175,0.053646087646484375
11188,0.0
11195,0.12115478515625
11200,1.621246337890625e-05
11210,0.3104572296142578
11215,2.6706390380859375
11240,0.30095672607421875
11243,0.0
11250,0.141845703125
11267,0.005381584167480469
11285,0.00315093994140625
11293,0.024824142456054688
11295,1.2130584716796875
11301,0.0014781951904296875
11310,0.00711822509765625
11335,0.00010204315185546875
11345,0.014623641967773438
11360,0.03049468994140625
11362,0.002475738525390625
11370,1.133056640625
11390,6.059051513671875
11400,0.005279541015625
11415,0.0260009765625
11424,0.252685546875
11425,8.84552001953125
11430,0.8702239990234375
11435,0.0029506683349609375
11445,0.0008144378662109375
11446,0.0017147064208984375
11453,0.006500244140625
11455,0.0012750625610351562
11460,0.000751495361328125
11465,2.74200439453125
11478,0.0015316009521484375
11480,0.7135009765625
11485,0.024078369140625
11490,0.011960983276367188
11495,0.001865386962890625
11500,0.0008287429809570312
11505,0.0521087646484375
11564,0.0032501220703125
11565,0.1611328125
11570,0.0032863616943359375
11580,0.222747802734375
11585,0.0473785400390625
11590,1.99200439453125
11600,0.01915740966796875
11605,0.00029087066650390625
11614,0.0018253326416015625
11620,0.0035991668701171875
11625,0.04443359375
11645,0.0003185272216796875
11685,0.0015888214111328125
11690,1.822235107421875
11725,0.5785045623779297
11730,0.5757369995117188
11745,0.0003662109375
11755,0.07635498046875
11775,4.45440673828125
11798,7.260417938232422
11805,0.0142364501953125
11810,0.014232635498046875
11815,0.003688812255859375
11818,0.003284454345703125
11830,1.0504684448242188
11840,0.0005578994750976562
11845,0.3795623779296875
11847,0.0
11855,0.008819580078125
11885,0.04299163818359375
11895,1.7150115966796875
11905,0.008090972900390625
11910,0.003536224365234375
11920,0.028411865234375
11930,0.0069179534912109375
11945,0.000133514404296875
11960,0.0006771087646484375
11970,0.022971153259277344
11975,0.0007724761962890625
11980,0.00830078125
11991,0.0005207061767578125
12003,0.000202178955078125
12025,0.007161140441894531
12045,4.6103515625
12050,0.008554458618164062
12055,0.203125
12067,0.00095367431640625
12075,1.8128557205200195
12090,0.04807472229003906
12095,0.007081031799316406
12109,0.003826141357421875
12110,0.000720977783203125
12120,0.000621795654296875
12125,0.0499725341796875
12130,0.00336456298828125
12145,0.2107696533203125
12166,8.392333984375e-05
12170,0.5682373046875
12174,0.00154876708984375
12180,0.0002040863037109375
12187,0.0013713836669921875
12205,0.004364013671875
12210,0.001880645751953125
12240,0.044426918029785156
12254,0.026702880859375
12270,0.004410743713378906
12275,0.0
12300,0.008342742919921875
12304,0.001644134521484375
12310,0.002811431884765625
12325,0.000850677490234375
12340,0.26413822174072266
12350,0.00025844573974609375
12356,0.0097808837890625
12360,0.08638763427734375
12406,0.0
12415,0.662841796875
12420,0.001934051513671875
12430,0.002803802490234375
12436,0.09183883666992188
12443,0.013378143310546875
12457,0.0069122314453125
12459,0.02783203125
12460,6.653316497802734
12465,0.0002593994140625
12480,0.023406982421875
12501,0.0007619857788085938
12505,0.34154510498046875
12520,0.0
12525,0.046970367431640625
12530,0.00234222412109375
12534,0.003101348876953125
12568,1.779327392578125
12580,1.900665283203125
12596,0.0
12599,0.000946044921875
12600,0.0037078857421875
12610,0.0007524490356445312
12615,0.0016078948974609375
12621,0.01495361328125
12625,0.023302078247070312
12645,0.00057220458984375
12650,0.0009746551513671875
12655,0.059326171875
12667,0.055938720703125
12675,0.0324249267578125
12678,0.003875732421875
12680,0.019512176513671875
12695,0.02729034423828125
12700,0.0018787384033203125
12715,0.097015380859375
12720,22.56866455078125
12735,0.0563812255859375
12740,0.0077667236328125
12760,0.01444244384765625
12785,0.0
12786,0.00672149658203125
12793,0.00443267822265625
12795,0.021240234375
12796,0.0125579833984375
12799,0.00276947021484375
12814,0.0006866455078125
12815,0.1929931640625
12819,0.0093231201171875
12820,0.0097198486328125
12825,0.2993354797363281
12833,0.380950927734375
12840,0.01044464111328125
12855,2.87841796875
12860,6.5445556640625
12864,0.0
12865,9.250640869140625e-05
12868,0.0007123947143554688
12875,0.38922119140625
12880,0.00492095947265625
12885,0.091644287109375
12890,0.00336456298828125
12895,0.0048065185546875
12897,0.000804901123046875
12900,0.2222576141357422
12905,0.0527191162109375
12910,0.0406646728515625
12925,0.0050201416015625
12930,0.02911376953125
12934,0.18162155151367188
12935,2.494384765625
12940,0.014739990234375
12944,0.002208709716796875
12965,0.0003910064697265625
12985,0.0094451904296875
12995,2.203338623046875
13010,0.0151519775390625
13025,0.016998291015625
13030,0.001346588134765625
13040,0.0017910003662109375
13046,0.045330047607421875
13065,0.18258190155029297
13070,0.2490997314453125
13075,0.046680450439453125
13100,0.009633064270019531
13130,0.0
13133,0.0
13135,0.129638671875
13140,9.5367431640625e-07
13143,0.0106658935546875
13145,3.51708984375
13150,8.7738037109375e-05
13163,0.00838470458984375
13175,0.014373779296875
13178,0.0
13195,0.029845237731933594
13196,0.00031948089599609375
13200,0.043182373046875
13205,0.0110626220703125
13210,0.705810546875
13215,4.403343200683594
13260,1.2476158142089844
13275,0.0007200241088867188
13280,0.0008344650268554688
13295,0.0003070831298828125
13305,0.005192756652832031
13310,0.04071044921875
13323,0.0
13330,0.736175537109375
13339,0.0011348724365234375
13350,0.018672943115234375
13365,0.00018310546875
13370,0.10641860961914062
13380,1.3575439453125
13388,0.05567359924316406
13390,0.0029096603393554688
13410,0.03749847412109375
13411,0.009918212890625
13425,4.104425430297852
13430,0.0003490447998046875
13435,0.0004863739013671875
13445,0.283447265625
13460,0.0007781982421875
13469,0.00676727294921875
13471,0.312225341796875
13475,0.017669677734375
13505,0.0330810546875
13520,0.00038623809814453125
13535,0.504638671875
13540,0.09169769287109375
13545,7.819915771484375
13575,0.00015163421630859375
13580,0.000400543212890625
13585,0.04010009765625
13597,0.002956390380859375
13605,0.06317138671875
13609,0.0
13625,0.00011730194091796875
13690,0.042755126953125
13700,0.823822021484375
13725,0.1327056884765625
13730,0.64593505859375
13731,0.00028228759765625
13735,0.001529693603515625
13745,0.0039052963256835938
13755,0.0569305419921875
13756,0.0025415420532226562
13760,0.00431060791015625
13785,0.012481689453125
13800,0.0023097991943359375
13810,0.015877723693847656
13813,0.0
13835,0.11041259765625
13840,0.20263671875
13855,0.0006122589111328125
13860,0.05970573425292969
13870,0.0027322769165039062
13880,0.01750946044921875
13920,0.074462890625
13925,0.0
13935,0.0054073333740234375
13937,0.0
13960,0.004085540771484375
13980,0.10400199890136719
13984,0.0
13990,0.24822998046875
14005,0.0004405975341796875
14009,0.0
14029,0.0
14035,0.2540740966796875
14045,1.21954345703125
14068,0.0017824172973632812
14070,0.025217056274414062
14085,0.0092010498046875
14095,0.07151031494140625
14104,0.002239227294921875
14110,0.0398712158203125
14125,0.0321197509765625
14135,0.009838104248046875
14160,1.7816085815429688
14170,0.00592803955078125
14180,0.08202362060546875
14193,0.002899169921875
14215,1.54296875
14230,0.4224090576171875
14235,0.0034942626953125
14240,0.3092994689941406
14245,0.6502685546875
14255,0.03180503845214844
14275,0.027866363525390625
14290,0.14630126953125
14306,0.0005512237548828125
14330,0.0031156539916992188
14350,0.014568328857421875
14351,0.001430511474609375
14395,0.003040313720703125
14425,0.1566457748413086
14460,0.008745193481445312
14470,2.9447021484375
14471,0.0011749267578125
14480,0.02227783203125
14500,1.2615966796875
14505,0.025033950805664062
14520,0.339202880859375
14530,0.001483917236328125
14580,0.038585662841796875
14610,0.0538330078125
14645,0.0027904510498046875
14653,0.005245208740234375
14655,0.001659393310546875
14686,0.0
14695,0.0013332366943359375
14705,0.4282093048095703
14710,0.0001811981201171875
14715,0.0006923675537109375
14725,0.047607421875
14740,0.018304824829101562
14760,2.8079681396484375
14765,0.142364501953125
14770,0.000293731689453125
14778,0.0
14780,0.18511962890625
14785,0.0003814697265625
14795,0.1311187744140625
14842,0.006499290466308594
14845,0.02138519287109375
14861,0.000804901123046875
14864,0.060699462890625
14865,0.104736328125
14875,0.000164031982421875
14890,0.0419921875
14965,0.01043701171875
14977,0.0037660598754882812
14980,0.00010204315185546875
14995,0.0124664306640625
15000,0.0002384185791015625
15010,0.003498077392578125
15045,0.1857757568359375
15068,0.1250896453857422
15078,0.002559661865234375
15080,0.658447265625
15090,0.003582000732421875
15110,0.0969085693359375
15135,0.02635955810546875
15140,0.006591796875
15155,0.8074951171875
15160,0.054290771484375
15210,0.2973670959472656
15230,0.00041961669921875
15252,0.0008649826049804688
15270,10.5101318359375
15295,0.00060272216796875
15296,0.15106201171875
15310,0.00525665283203125
15315,4.6893310546875
15330,0.1097259521484375
15331,0.00453948974609375
15360,0.087158203125
15365,0.0885772705078125
15375,0.032520294189453125
15400,0.10784912109375
15403,0.143310546875
15405,0.40628814697265625
15410,0.233642578125
15425,0.11169147491455078
15431,0.000530242919921875
15435,0.0154266357421875
15440,0.00617218017578125
15445,2.2776222229003906
15460,0.0001926422119140625
15465,0.2177867889404297
15475,0.22919178009033203
15490,0.024190902709960938
15500,0.00260162353515625
15520,0.008052825927734375
15525,0.1542987823486328
15630,0.0802154541015625
15635,12.844284057617188
15660,3.052001953125
15715,0.030548095703125
15725,2.5177001953125
15755,0.0009222030639648438
15758,0.0
15790,0.03240394592285156
15810,0.25146484375
15815,0.0010986328125
15855,0.078277587890625
15860,4.672859191894531
15869,0.0
15870,1.1864299774169922
15890,0.1190032958984375
15905,0.0333709716796875
15915,0.22247314453125
15920,0.0002651214599609375
15960,0.1014404296875
15965,0.00862884521484375
15970,0.0243988037109375
15975,0.048252105712890625
15986,0.0011157989501953125
15990,2.34832763671875
16001,0.0
16005,0.0003452301025390625
16010,0.0001926422119140625
16015,0.010462760925292969
16020,0.00021457672119140625
16025,3.386577606201172
16030,0.0033597946166992188
16040,0.0025177001953125
16050,0.42502593994140625
16055,0.06258392333984375
16110,0.40576934814453125
16129,6.67572021484375e-05
16155,0.045578956604003906
16170,0.06500244140625
16185,1.47625732421875
16190,0.07515716552734375
16200,0.004149436950683594
16225,0.002201080322265625
16265,0.003696441650390625
16270,0.0244140625
16345,0.03993988037109375
16395,0.0095062255859375
16420,1.08306884765625
16424,0.0011844635009765625
16425,7.644898414611816
16430,0.03849983215332031
16445,0.1099090576171875
16460,0.0016536712646484375
16465,0.03414630889892578
16480,0.36865234375
16490,0.09428787231445312
16495,0.61395263671875
16535,0.009246826171875
16545,0.05431365966796875
16560,0.44989013671875
16565,0.0009860992431640625
16570,43.26678466796875
16577,0.0
16585,0.0384063720703125
16586,0.021453857421875
16610,0.2913818359375
16630,0.006941795349121094
16635,0.0916748046875
16645,0.01800537109375
16655,0.14910888671875
16686,0.0
16700,0.143768310546875
16715,0.057830810546875
16735,0.043701171875
16739,0.0025787353515625
16750,0.001705169677734375
16765,0.3084869384765625
16770,0.0002841949462890625
16772,0.000217437744140625
16776,0.0048065185546875
16800,0.02703857421875
16805,144.7611083984375
16807,0.00047588348388671875
16825,0.029266357421875
16845,0.03265190124511719
16869,0.1826171875
16870,0.844635009765625
16875,0.000446319580078125
16884,0.026521682739257812
16885,27.470703125
16890,0.026153564453125
16895,0.021514892578125
16910,0.01751708984375
16940,0.000560760498046875
16970,0.012149810791015625
16980,0.005801200866699219
16985,0.13553619384765625
17020,1.1417236328125
17029,0.0
17040,0.011089324951171875
17060,0.027400970458984375
17085,0.0009517669677734375
17090,0.0083770751953125
17095,6.9994354248046875
17125,0.04949951171875
17145,0.021696090698242188
17150,0.1307373046875
17156,0.0017337799072265625
17160,0.639404296875
17180,0.013698577880859375
17190,0.017459869384765625
17210,1.4176025390625
17215,0.0381317138671875
17220,0.00109100341796875
17235,0.00298309326171875
17240,0.004822731018066406
17250,0.0113372802734375
17255,0.027971267700195312
17260,0.04926300048828125
17275,0.001430511474609375
17310,1.6680145263671875
17324,0.0
17355,0.0007343292236328125
17365,0.14697265625
17385,0.156097412109375
17410,0.0013208389282226562
17455,3.8265380859375
17480,0.011505126953125
17487,0.0
17490,0.059356689453125
17500,0.05926513671875
17512,0.002025604248046875
17515,0.5841064453125
17521,0.6983680725097656
17525,0.0853271484375
17530,0.232086181640625
17536,0.00116729736328125
17540,0.00026035308837890625
17570,0.1009521484375
17575,0.0414276123046875
17580,0.03350830078125
17585,0.0038290023803710938
17590,0.6458587646484375
17600,0.02399730682373047
17601,0.0
17610,0.005313873291015625
17611,0.01316070556640625
17615,0.005969047546386719
17619,0.001506805419921875
17620,0.05046844482421875
17625,0.1235818862915039
17636,0.025115966796875
17658,0.0
17674,1.28448486328125
17692,0.0
17731,4.548065185546875
17770,0.4022369384765625
17779,0.0
17785,0.0823974609375
17810,0.04950714111328125
17815,5.2341718673706055
17825,0.006305694580078125
17860,0.007049560546875
17870,0.0557708740234375
17894,0.0
17919,6.688484191894531
17920,6.141357421875
17935,0.02860260009765625
17940,0.0006856918334960938
17964,0.00432586669921875
17965,31.11639404296875
17995,0.01171875
18006,0.00444793701171875
18007,0.0299224853515625
18010,8.296966552734375e-05
18021,0.0
18022,0.0
18025,0.0
18028,0.14352798461914062
18034,0.6890487670898438
18035,0.14959716796875
18036,0.001338958740234375
18045,0.396484375
18060,1.5880584716796875
18076,0.0027618408203125
18092,0.0005817413330078125
18095,0.0223541259765625
18100,0.00371551513671875
18102,0.00241851806640625
18111,0.001575469970703125
18135,0.742523193359375
18140,0.00208282470703125
18165,0.111236572265625
18166,0.01401519775390625
18173,0.30908203125
18180,6.322998046875
18185,0.006829261779785156
18205,0.0246734619140625
18210,0.54779052734375
18215,0.49492931365966797
18220,0.01763916015625
18225,0.9578323364257812
18240,15.531463623046875
18250,0.0778055191040039
18270,0.5364990234375
18280,0.001399993896484375
18285,0.0018768310546875
18295,0.0036907196044921875
18312,0.0007915496826171875
18316,0.0010213851928710938
18355,0.009478569030761719
18380,0.123321533203125
18392,0.0038909912109375
18410,0.5126953125
18435,5.699353218078613
18450,0.0004367828369140625
18465,0.0262451171875
18475,0.0380401611328125
18485,0.06122589111328125
18489,0.00038433074951171875
18509,0.0001049041748046875
18515,0.14129638671875
18540,0.0
18545,0.4093780517578125
18555,0.6712646484375
18585,0.11883544921875
18595,0.006148338317871094
18600,0.000537872314453125
18610,11.6729736328125
18615,2.30657958984375
18620,0.0015249252319335938
18655,0.00089263916015625
18660,0.006960868835449219
18665,0.397369384765625
18675,0.003814697265625
18680,1.6351318359375
18685,0.19482421875
18690,0.224639892578125
18701,0.010415077209472656
18715,0.00514984130859375
18731,0.00142669677734375
18755,0.3787117004394531
18770,0.086517333984375
18785,0.1107177734375
18813,0.00363922119140625
18820,0.0003147125244140625
18835,0.006855010986328125
18861,0.00977325439453125
18863,0.53302001953125
18880,0.01499176025390625
18895,0.00279998779296875
18900,0.001949310302734375
18910,0.0016937255859375
18915,0.004277229309082031
18920,0.01593017578125
18930,0.081024169921875
18950,0.0006093978881835938
18965,0.6545066833496094
18980,0.29846954345703125
19005,0.0010833740234375
19017,0.005802154541015625
19040,0.084869384765625
19045,0.009477615356445312
19050,18.125244140625
19055,0.00022029876708984375
19065,0.03753662109375
19070,0.01080322265625
19075,4.71068000793457
19085,0.92120361328125
19090,0.063720703125
19095,0.0640869140625
19124,0.02211284637451172
19125,0.0077972412109375
19165,0.3006591796875
19170,0.0036449432373046875
19190,0.00010776519775390625
19199,0.0
19200,0.0004863739013671875
19215,0.2806205749511719
19220,0.016196250915527344
19240,0.0208740234375
19245,0.00223541259765625
19254,0.005885124206542969
19290,0.000537872314453125
19295,0.003922462463378906
19310,0.02935791015625
19330,1.3525390625
19348,0.17983341217041016
19350,0.7914276123046875
19355,0.8993301391601562
19360,0.0010728836059570312
19380,2.141845703125
19390,0.011005401611328125
19395,0.0330810546875
19410,0.006439208984375
19415,0.1035919189453125
19416,0.0008220672607421875
19420,0.0013647079467773438
19435,0.00039577484130859375
19445,0.000476837158203125
19470,0.02033519744873047
19475,8.106231689453125e-05
19500,0.1196746826171875
19505,2.07568359375
19515,0.1571044921875
19520,4.377777099609375
19530,0.012323379516601562
19535,0.16715240478515625
19540,0.012939453125
19543,0.008411407470703125
19545,0.084228515625
19555,0.00543212890625
19560,0.03173828125
19565,0.00690460205078125
19580,5.183235168457031
19585,0.06653499603271484
19596,0.5405759811401367
19600,0.05859375
19605,0.07122802734375
19614,0.0005168914794921875
19615,0.00131988525390625
19619,0.00142669677734375
19622,0.011224746704101562
19625,0.0025815963745117188
19630,0.017242431640625
19660,0.009307861328125
19666,0.0
19675,0.0148162841796875
19680,0.0750732421875
19687,1.1762313842773438
19690,24.160400390625
19695,0.000568389892578125
19702,0.00098419189453125
19705,0.10595703125
19741,0.000743865966796875
19743,0.0040435791015625
19770,0.00011539459228515625
19785,0.02313232421875
19791,0.00949859619140625
19800,0.34809112548828125
19820,0.3743133544921875
19835,0.000301361083984375
19855,0.0362396240234375
19865,0.027584075927734375
19875,0.06655120849609375
19900,0.00104522705078125
19908,0.001251220703125
19909,0.0
19925,0.000457763671875
19930,0.0035581588745117188
19935,0.004717826843261719
19955,0.04658317565917969
19975,6.961822509765625e-05
19985,0.0125885009765625
19990,0.084869384765625
20000,0.0
20005,0.0015077590942382812
20010,0.0105743408203125
20025,0.0008802413940429688
20040,0.018255233764648438
20055,1.019287109375
20074,0.0034475326538085938
20075,0.0010013580322265625
20085,0.0021657943725585938
20130,0.2655029296875
20140,0.0037059783935546875
20145,0.5462646484375
20165,0.0024967193603515625
20210,0.0002803802490234375
20216,0.00038242340087890625
20220,0.654876708984375
20230,0.087432861328125
20242,0.0006656646728515625
20250,0.1391448974609375
20252,0.03188323974609375
20260,0.010040283203125
20285,5.65692138671875
20292,0.07923316955566406
20305,6.29425048828125e-05
20315,0.012991905212402344
20320,0.002227783203125
20342,0.09206390380859375
20380,0.007717132568359375
20388,0.007709503173828125
20394,0.0009860992431640625
20420,0.003757476806640625
20429,0.001567840576171875
20435,0.01224517822265625
20440,1.529271125793457
20445,0.01361846923828125
20455,0.065826416015625
20465,1.2090301513671875
20482,0.001201629638671875
20484,0.00858306884765625
20505,0.677032470703125
20515,0.0131378173828125
20540,2.061767578125
20554,0.01898193359375
20555,0.01007080078125
20559,0.001438140869140625
20565,0.00028896331787109375
20570,0.00014781951904296875
20574,0.0
20595,0.1207122802734375
20615,0.121337890625
20625,0.096588134765625
20660,0.02764892578125
20664,0.00156402587890625
20665,0.17779541015625
20680,0.00687408447265625
20682,0.0048847198486328125
20684,0.0014133453369140625
20705,0.0557861328125
20720,0.104522705078125
20726,0.11676406860351562
20730,0.02309417724609375
20738,0.0010700225830078125
20740,0.4892578125
20745,0.19243240356445312
20750,0.0008640289306640625
20770,0.0013179779052734375
20785,0.03631591796875
20790,4.7552490234375
20813,0.0
20815,7.080810546875
20820,0.00656890869140625
20850,0.48226165771484375
20852,0.0015392303466796875
20865,0.17808914184570312
20875,0.03759765625
20880,0.31067657470703125
20885,0.00013446807861328125
20890,0.16139984130859375
20900,0.00033664703369140625
20905,0.12645721435546875
20920,0.09365081787109375
20922,0.00018215179443359375
20930,0.077880859375
20945,0.000148773193359375
20952,0.0005311965942382812
20955,0.0
20959,0.000713348388671875
20960,0.0014448165893554688
20975,0.02581787109375
20990,0.0035905838012695312
20995,0.131988525390625
21005,0.0035810470581054688
21010,0.15759658813476562
21015,0.00010395050048828125
21030,0.0001544952392578125
21035,6.136131286621094
21036,0.0003681182861328125
21061,0.0
21066,0.001125335693359375
21085,0.0013484954833984375
21095,0.0
21100,0.0144195556640625
21105,0.10033798217773438
21108,0.0008497238159179688
21110,0.0734710693359375
21140,2.4257774353027344
21141,2.86102294921875e-06
21145,0.00141143798828125
21177,0.000659942626953125
21180,0.110015869140625
21185,0.0250396728515625
21190,0.004482269287109375
21195,15.06640625
21197,0.008119583129882812
21200,0.017333984375
21203,0.0011444091796875
21205,0.0
21211,0.1870880126953125
21225,0.0010433197021484375
21235,0.10724544525146484
21240,0.0693359375
21249,0.0016803741455078125
21255,2.297515869140625
21280,0.04584217071533203
21300,0.22235488891601562
21305,0.7112503051757812
21315,1.39947509765625
21325,0.08333683013916016
21336,0.03696441650390625
21355,0.007879257202148438
21375,0.00977325439453125
21385,16.4154052734375
21405,0.01180267333984375
21411,0.000110626220703125
21430,0.003261566162109375
21445,0.0450439453125
21455,19.200439453125
21460,0.001605987548828125
21470,0.271636962890625
21475,0.06992721557617188
21498,0.09912109375
21505,0.0025434494018554688
21510,0.130615234375
21515,0.03458976745605469
21525,0.002471923828125
21527,0.003582000732421875
21537,14.21435546875
21545,0.00020503997802734375
21557,0.0
21570,0.0080413818359375
21573,0.006061553955078125
21580,0.016082763671875
21585,0.0043182373046875
21593,0.026264190673828125
21605,0.09601879119873047
21610,0.0006990432739257812
21617,0.001781463623046875
21620,2.20458984375
21630,0.0769205093383789
21634,0.0
21700,0.0009403228759765625
21710,0.9620475769042969
21720,0.0814208984375
21750,0.00196075439453125
21755,0.004730224609375
21765,0.178253173828125
21775,2.075592041015625
21780,0.794921875
21790,0.0031566619873046875
21800,0.0018024444580078125
21815,0.086181640625
21820,0.7787704467773438
21823,0.0
21830,0.003009796142578125
21840,0.5694427490234375
21855,0.00023746490478515625
21861,0.001293182373046875
21870,3.8276538848876953
21885,0.00012969970703125
21900,1.5325927734375
21940,0.0074291229248046875
21945,0.0246734619140625
21951,0.0007295608520507812
21960,0.00022220611572265625
21970,0.00029277801513671875
21980,0.0022068023681640625
21997,0.000995635986328125
21998,0.00128936767578125
22015,0.02719879150390625
22025,0.0001049041748046875
22040,0.00010204315185546875
22045,0.00125885009765625
22050,0.57366943359375
22070,0.42462158203125
22090,0.8106765747070312
22100,0.0135498046875
22102,0.0006084442138671875
22105,3.008087158203125
22110,0.144287109375
22139,0.030220985412597656
22143,0.1393890380859375
22150,0.1784820556640625
22155,0.03143310546875
22165,0.20806312561035156
22175,0.024200439453125
22185,0.006008148193359375
22205,0.00099945068359375
22210,7.05718994140625e-05
22220,0.32135772705078125
22235,0.016866683959960938
22240,0.0
22255,0.21381759643554688
22258,9.34600830078125e-05
22260,0.00930023193359375
22277,0.0092010498046875
22280,0.7587890625
22295,1.3734970092773438
22296,0.005615234375
22300,9.853050231933594
22306,0.0007390975952148438
22335,0.016693115234375
22340,0.15087890625
22357,0.001232147216796875
22365,0.5812835693359375
22375,1.0788536071777344
22385,35.267333984375
22390,0.0964956283569336
22396,0.0
22400,0.018314361572265625
22405,0.0038824081420898438
22419,0.0017986297607421875
22430,2.0465087890625
22445,0.07611083984375
22450,0.003570556640625
22485,0.0038919448852539062
22489,0.00400543212890625
22490,0.5306396484375
22495,1.8218994140625
22502,0.000823974609375
22513,0.0014801025390625
22515,0.0004749298095703125
22520,4.2925567626953125
22535,0.00043201446533203125
22550,0.0134735107421875
22560,0.0065746307373046875
22565,0.0137939453125
22577,0.0
22585,0.027923583984375
22590,0.0005998611450195312
22595,0.274627685546875
22600,0.3833770751953125
22603,1.9073486328125e-06
22624,0.00099945068359375
22635,0.00011157989501953125
22647,0.0
22650,0.19940185546875
22675,0.326416015625
22676,0.0
22685,10.6573486328125
22690,0.0081024169921875
22702,0.20963287353515625
22720,0.010284423828125
22735,0.005367279052734375
22737,0.04170989990234375
22750,0.0212860107421875
22765,0.0039052963256835938
22780,0.0054931640625
22790,0.0003452301025390625
22805,0.029541015625
22825,0.02880096435546875
22830,0.0015316009521484375
22835,0.42352294921875
22855,0.106201171875
22865,0.04472541809082031
22890,0.0005865097045898438
22895,0.00011920928955078125
22900,0.00637054443359375
22925,0.011754035949707031
22927,0.0008401870727539062
22930,0.00130462646484375
22931,0.0001277923583984375
22945,2.1554040908813477
22947,0.016958236694335938
22950,0.062530517578125
22970,0.048320770263671875
22975,0.001804351806640625
23000,0.0006818771362304688
23015,0.0073146820068359375
23045,0.48192596435546875
23055,0.004512786865234375
23065,0.002849578857421875
23075,0.2579803466796875
23080,0.0001239776611328125
23093,0.0018024444580078125
23095,0.002262115478515625
23100,0.08785724639892578
23115,0.07558631896972656
23125,0.05578136444091797
23127,0.06832122802734375
23145,0.003009796142578125
23152,0.0009708404541015625
23160,0.003108978271484375
23180,0.008697509765625
23210,0.75933837890625
23215,0.00019931793212890625
23225,0.004706382751464844
23230,0.099609375
23232,0.0
23240,0.1806182861328125
23260,0.1003875732421875
23265,0.296417236328125
23270,0.00048351287841796875
23285,3.17822265625
23286,0.008561134338378906
23302,0.0
23325,0.1444091796875
23355,0.434814453125
23380,0.09206771850585938
23385,0.0007152557373046875
23387,0.0
23400,0.068817138671875
23405,0.0023097991943359375
23410,2.975128173828125
23425,5.79052734375
23436,0.0
23455,0.0023813247680664062
23500,0.0748443603515625
23505,0.000797271728515625
23513,0.0055217742919921875
23515,0.0005340576171875
23542,0.0006647109985351562
23543,0.0
23545,0.00016689300537109375
23550,14.71014404296875
23552,0.008602142333984375
23554,0.0206298828125
23565,0.053490638732910156
23569,0.0016803741455078125
23570,0.05342292785644531
23585,0.0015306472778320312
23605,1.3612060546875
23615,0.2296600341796875
23625,0.015472412109375
23630,0.0325927734375
23635,1.0633468627929688
23636,0.0005092620849609375
23645,0.08095169067382812
23646,0.019390106201171875
23671,0.0
23675,0.0414581298828125
23683,0.003662109375
23685,0.0005035400390625
23705,0.095703125
23708,0.006474494934082031
23715,0.00015354156494140625
23721,0.0006055831909179688
23725,0.0242919921875
23740,0.000431060791015625
23755,0.953369140625
23780,0.145111083984375
23790,0.12067222595214844
23805,10.384674072265625
23814,0.0096588134765625
23835,0.00022411346435546875
23852,0.01435089111328125
23865,0.08295822143554688
23866,0.00135040283203125
23880,0.001194000244140625
23883,0.017669677734375
23890,0.018232345581054688
23900,0.01018524169921875
23910,0.0020647048950195312
23924,0.00286102294921875
23930,0.053466796875
23955,0.0019960403442382812
23960,0.00037479400634765625
23963,0.00366973876953125
23977,0.0006122589111328125
23980,0.011200904846191406
24010,0.8206939697265625
24055,3.4310302734375
24060,16.275787353515625
24110,3.95599365234375
24115,2.0267791748046875
24148,0.0017757415771484375
24170,9.8896484375
24185,0.7587890625
24203,0.0006313323974609375
24214,0.0
24220,0.20051193237304688
24245,0.0
24250,2.808837890625
24260,3.1796875
24275,0.10286712646484375
24277,0.0007104873657226562
24283,0.0008068084716796875
24285,0.0861053466796875
24290,0.07076263427734375
24295,0.0010833740234375
24305,0.003391265869140625
24310,0.0207977294921875
24320,0.013458251953125
24324,0.0007476806640625
24328,0.0
24330,0.652069091796875
24340,0.33612823486328125
24345,1.2064380645751953
24385,0.04259490966796875
24389,3.6764297485351562
24390,0.01055908203125
24400,0.0692138671875
24403,0.0
24415,0.1897125244140625
24425,0.06544685363769531
24435,0.0082855224609375
24445,0.00048065185546875
24455,5.058197021484375
24475,0.0030345916748046875
24500,0.00730133056640625
24506,0.0
24515,0.028310775756835938
24525,0.0013151168823242188
24530,0.000690460205078125
24535,0.1826171875
24550,0.055706024169921875
24555,0.0247802734375
24558,0.0005035400390625
24565,0.4134521484375
24569,0.0753936767578125
24575,0.003936767578125
24585,59.87109375
24613,0.09990692138671875
24627,0.02130126953125
24631,0.0
24650,0.08539581298828125
24655,0.0012531280517578125
24660,0.0
24675,0.1569061279296875
24755,0.0017547607421875
24760,11.623551368713379
24775,0.02349853515625
24780,0.0065460205078125
24785,0.0009708404541015625
24795,0.017120361328125
24815,0.00146484375
24854,0.0014667510986328125
24860,0.00010585784912109375
24875,0.18474578857421875
24880,1.10906982421875
24885,0.0012359619140625
24894,8.79058837890625
24920,0.48480224609375
24930,0.2364501953125
24935,0.0087127685546875
24940,0.0
24945,0.00276947021484375
24965,0.024810791015625
24980,1.83966064453125
24990,0.05480194091796875
25000,0.021757125854492188
25005,0.00109100341796875
25010,0.030864715576171875
25020,0.0099334716796875
25025,0.339996337890625
25030,0.21697998046875
25040,0.0028667449951171875
25045,0.0017547607421875
25050,0.00033092498779296875
25055,0.10870361328125
25070,3.3744735717773438
25080,0.02112102508544922
25087,0.0
25095,0.0018796920776367188
25110,0.0007352828979492188
25130,0.034515380859375
25145,0.0004329681396484375
25150,0.0030698776245117188
25205,0.0007114410400390625
25234,0.00023937225341796875
25250,0.0001964569091796875
25265,0.00160980224609375
25275,0.0032587051391601562
25310,0.8800048828125
25320,0.4536895751953125
25395,14.39666748046875
25405,0.31455230712890625
25410,0.0004253387451171875
25415,0.0600128173828125
25435,0.01580810546875
25445,0.1640625
25450,0.01865386962890625
25455,0.04241943359375
25495,0.27069091796875
25530,0.0010852813720703125
25555,0.7784423828125
25590,0.000194549560546875
25605,0.03962516784667969
25610,0.268463134765625
25620,3.66748046875
25635,0.29584217071533203
25643,2.8289794921875
25660,0.11077880859375
25690,0.26355743408203125
25695,0.0023937225341796875
25760,0.0006542205810546875
25775,0.6500244140625
25776,0.0
25785,0.00556182861328125
25800,0.14934921264648438
25845,0.238983154296875
25850,0.01232147216796875
25855,0.028472900390625
25865,0.017425537109375
25885,0.162109375
25905,0.01812744140625
25915,0.1135711669921875
25918,0.0731201171875
25925,0.0002689361572265625
25930,0.0019378662109375
25950,2.1888885498046875
25970,0.0996246337890625
25975,7.33837890625
25980,0.21270751953125
26000,0.0009250640869140625
26020,0.00025177001953125
26025,0.00196075439453125
26040,0.0095977783203125
26045,0.023792266845703125
26060,0.0015993118286132812
26083,0.6129188537597656
26103,0.10728740692138672
26105,0.014539718627929688
26122,8.20159912109375e-05
26130,2.5890111923217773
26145,0.57861328125
26170,0.000247955322265625
26185,0.002460479736328125
26195,0.0064220428466796875
26202,0.5211639404296875
26225,0.0009012222290039062
26235,0.00194549560546875
26249,0.017749786376953125
26275,9.289260864257812
26295,0.008777618408203125
26305,0.36456298828125
26312,0.0
26335,23.36489486694336
26340,0.00012683868408203125
26390,0.000598907470703125
26400,0.00018787384033203125
26430,0.00461578369140625
26435,0.029317855834960938
26441,0.045238494873046875
26445,0.145751953125
26450,0.0119781494140625
26475,0.36652374267578125
26489,0.029802322387695312
26490,0.0153961181640625
26495,0.7178421020507812
26520,0.0036163330078125
26535,0.0823974609375
26550,0.00554656982421875
26555,0.0
26580,0.003147125244140625
26655,0.06241607666015625
26665,0.06134510040283203
26680,0.011688232421875
26688,0.0005321502685546875
26704,0.0
26710,0.0101165771484375
26715,0.00011539459228515625
26725,0.00043487548828125
26740,0.030498504638671875
26745,0.00044345855712890625
26765,1.2216796875
26770,0.22894287109375
26775,0.00272369384765625
26840,0.023468017578125
26855,0.0019311904907226562
26865,0.07392406463623047
26870,0.13242340087890625
26875,0.002674102783203125
26885,0.003124237060546875
26938,0.43975830078125
26965,0.009052276611328125
26970,50.67600917816162
27035,0.004393577575683594
27055,3.5059814453125
27060,0.0018310546875
27080,0.2464599609375
27085,0.004791259765625
27095,0.013092041015625
27100,0.12469482421875
27105,22.727783203125
27115,0.05376911163330078
27119,0.13823509216308594
27135,0.020946502685546875
27162,0.023204803466796875
27170,0.03375244140625
27175,0.24072265625
27180,0.14763832092285156
27185,0.0081634521484375
27205,7.19952392578125
27215,0.094482421875
27235,0.142822265625
27305,3.1787109375
27315,14.38958740234375
27330,1.44744873046875
27333,0.0
27355,0.01812744140625
27378,0.0008678436279296875
27395,0.0012073516845703125
27410,0.0007581710815429688
27430,0.025390625
27435,0.115478515625
27440,0.048797607421875
27450,0.0004024505615234375
27465,1.290069580078125
27485,0.0589599609375
27505,0.04217529296875
27510,0.0517578125
27573,0.2796363830566406
27595,0.0666656494140625
27641,0.0004863739013671875
27652,0.0009679794311523438
27660,0.0220947265625
27670,0.030893325805664062
27695,0.00019073486328125
27706,0.00147247314453125
27727,0.0014057159423828125
27735,0.0656585693359375
27750,0.00574493408203125
27765,1.000701904296875
27775,0.012683868408203125
27800,0.008958816528320312
27805,4.92022705078125
27816,0.0007781982421875
27830,2.942485809326172
27840,0.0008220672607421875
27855,0.00711822509765625
27860,0.231903076171875
27861,0.0
27885,14.67681884765625
27890,0.0013427734375
27910,0.018402099609375
27925,0.008752822875976562
27940,0.12496566772460938
27950,0.08487319946289062
27955,0.154296875
27956,0.00811767578125
27960,0.07203292846679688
27970,0.166351318359375
27980,0.005207061767578125
27987,0.000423431396484375
27995,0.002475738525390625
28005,0.007107734680175781
28010,0.00029659271240234375
28067,0.0
28069,0.0002689361572265625
28075,0.06445503234863281
28077,0.001129150390625
28085,0.031097412109375
28095,0.0582122802734375
28110,0.33611297607421875
28115,0.016571044921875
28120,0.0
28129,0.024961471557617188
28170,0.001739501953125
28185,0.018690109252929688
28193,0.0093994140625
28204,0.00274658203125
28210,0.007426261901855469
28225,0.019165992736816406
28231,0.0
28240,0.02093505859375
28250,0.34288787841796875
28260,0.015472412109375
28270,0.000774383544921875
28290,0.14703369140625
28291,0.0007686614990234375
28295,0.04651069641113281
28319,0.001148223876953125
28328,0.001194000244140625
28330,0.04302978515625
28348,0.025102615356445312
28360,0.022247314453125
28370,0.013284683227539062
28385,0.0058765411376953125
28390,3.5152587890625
28415,0.0006933212280273438
28420,0.5463447570800781
28425,0.0965423583984375
28437,0.06682777404785156
28449,0.0
28450,0.01800537109375
28455,3.4391326904296875
28465,0.00569915771484375
28467,0.6287841796875
28468,0.0
28490,0.00028228759765625
28495,0.896484375
28521,0.2279376983642578
28527,0.000698089599609375
28540,0.09313392639160156
28585,0.0001049041748046875
28630,0.09990692138671875
28635,0.020477294921875
28640,0.0017547607421875
28665,0.003810882568359375
28670,0.0084686279296875
28681,0.08056068420410156
28684,0.009368896484375
28690,0.00036144256591796875
28700,0.0057010650634765625
28710,0.0053691864013671875
28735,4.542160987854004
28740,0.00670623779296875
28743,0.048445701599121094
28765,0.00016498565673828125
28768,0.1533660888671875
28790,0.6500244140625
28794,0.6118173599243164
28800,0.23370361328125
28810,1.059326171875
28814,0.003147125244140625
28815,0.27008056640625
28830,0.39453125
28834,0.06146240234375
28865,1.5357666015625
28868,0.01970672607421875
28872,0.0898895263671875
28880,0.1846923828125
28885,0.152099609375
28905,0.175537109375
28909,0.000888824462890625
28915,0.002620697021484375
28916,0.0
28940,0.04473876953125
28950,0.0005779266357421875
28955,2.92291259765625
28965,0.29998779296875
29000,15.16845703125
29015,0.017910003662109375
29020,0.0027494430541992188
29026,0.001251220703125
29040,0.11313915252685547
29050,0.01975536346435547
29061,0.0055389404296875
29080,0.03193855285644531
29085,0.15533828735351562
29098,2.0100326538085938
29115,0.0074901580810546875
29145,0.05768013000488281
29165,0.0
29180,0.0036191940307617188
29190,0.0102081298828125
29195,0.72509765625
29210,0.21484375
29260,0.004134178161621094
29270,2.492828369140625
29285,0.10675430297851562
29295,0.3013153076171875
29305,0.74468994140625
29325,0.001781463623046875
29330,0.205718994140625
29355,7.17578125
29371,0.0
29373,5.2978515625
29376,8.296966552734375e-05
29380,1.2384052276611328
29410,0.005523681640625
29450,0.0017824172973632812
29470,0.016450881958007812
29485,0.00075531005859375
29525,0.0443115234375
29535,3.281402587890625
29563,0.001369476318359375
29570,0.0073909759521484375
29580,0.000438690185546875
29585,0.000217437744140625
29650,12.839668273925781
29670,1.2173919677734375
29678,0.1894378662109375
29680,0.0352935791015625
29702,0.0021886825561523438
29705,1.4414215087890625
29720,0.07196044921875
29725,0.0975189208984375
29730,2.706878662109375
29760,3.30596923828125
29765,0.13891315460205078
29770,0.51416015625
29790,0.022968292236328125
29795,0.00012302398681640625
29805,0.00015735626220703125
29808,0.33831024169921875
29810,0.023204803466796875
29815,0.003871917724609375
29816,11.31689453125
29825,0.010471343994140625
29829,0.0011234283447265625
29830,0.00024127960205078125
29845,31.8817138671875
29865,0.010528564453125
29880,0.01532745361328125
29886,0.017243385314941406
29905,0.0088653564453125
29910,0.0068874359130859375
29934,0.003673553466796875
29945,0.1680908203125
29948,0.0
29973,0.0001392364501953125
30006,0.0
30040,0.00286102294921875
30042,0.00142669677734375
30055,0.00199127197265625
30075,0.25372886657714844
30080,4.5363922119140625
30085,0.1570587158203125
30100,1.1813812255859375
30110,0.481201171875
30131,0.00064849853515625
30140,0.283203125
30143,0.001255035400390625
30145,0.012240409851074219
30155,0.06048583984375
30165,0.173675537109375
30175,0.000232696533203125
30185,1.4236469268798828
30191,0.00024509429931640625
30199,0.000507354736328125
30203,0.02814483642578125
30205,4.629133224487305
30215,0.009386062622070312
30220,0.3835945129394531
30228,0.0
30230,0.04253578186035156
30250,0.000263214111328125
30255,0.005313873291015625
30258,0.0
30260,0.0003795623779296875
30270,0.013458251953125
30281,0.0
30300,2.3486328125
30310,0.08758544921875
30313,1.4123039245605469
30315,1.7794189453125
30331,0.015716552734375
30335,0.784423828125
30370,4.72314453125
30376,0.05926704406738281
30385,0.048065185546875
30395,0.0020551681518554688
30429,0.0007476806640625
30435,0.083251953125
30436,0.0105133056640625
30440,0.010711669921875
30450,0.3518543243408203
30471,0.0008783340454101562
30495,0.0086669921875
30515,0.0011186599731445312
30520,0.13311767578125
30525,0.0005865097045898438
30530,0.03281402587890625
30550,0.0014085769653320312
30560,11.709747314453125
30570,0.808349609375
30585,0.17243576049804688
30590,3.920074462890625
30621,0.0
30635,6.6072998046875
30636,0.000141143798828125
30660,0.0192413330078125
30670,0.1835479736328125
30675,1.8240966796875
30680,0.018707275390625
30705,0.0014019012451171875
30710,1.9552001953125
30720,0.05313873291015625
30730,0.0201263427734375
30735,0.022619247436523438
30755,0.02069091796875
30763,4.6094512939453125
30795,0.0711822509765625
30820,8.38494873046875
30825,0.00714111328125
30845,0.0
30850,0.000274658203125
30855,0.07968711853027344
30858,0.0079803466796875
30865,0.001392364501953125
30925,0.0017986297607421875
30940,0.0672149658203125
30985,0.00029468536376953125
30986,2.464569091796875
31000,0.00017833709716796875
31004,0.00010967254638671875
31005,0.007937431335449219
31010,0.311737060546875
31044,0.0
31050,0.00324249267578125
31055,0.5811767578125
31075,0.0149688720703125
31135,0.001819610595703125
31155,0.0001583099365234375
31165,0.0089874267578125
31180,0.4430370330810547
31205,0.0338897705078125
31215,0.125
31235,0.0516357421875
31241,0.0008802413940429688
31245,0.8327608108520508
31249,0.00243377685546875
31265,0.0287933349609375
31275,0.000804901123046875
31280,0.047515869140625
31282,0.0006151199340820312
31293,0.0005369186401367188
31320,0.038330078125
31330,0.0014677047729492188
31340,0.04083251953125
31350,0.10637664794921875
31370,0.005560874938964844
31375,0.021660804748535156
31420,0.009964942932128906
31425,0.8346023559570312
31440,12.0548095703125
31460,0.028900146484375
31470,0.0164794921875
31472,0.000102996826171875
31485,0.02801513671875
31490,0.011199951171875
31495,0.0016880035400390625
31500,0.0
31504,0.0017681121826171875
31510,0.080078125
31523,0.003154754638671875
31530,0.009557723999023438
31534,0.0446014404296875
31540,0.0018291473388671875
31574,0.001605987548828125
31575,0.6600418090820312
31585,0.5783309936523438
31590,0.03656005859375
31600,0.07976531982421875
31610,0.11569976806640625
31615,0.010100364685058594
31616,0.0033464431762695312
31620,2.362060546875
31635,0.0068206787109375
31638,0.00018787384033203125
31707,0.0007305145263671875
31710,0.0048007965087890625
31735,0.1373291015625
31745,10.50899887084961
31765,0.137298583984375
31775,0.042266845703125
31785,0.1544189453125
31799,0.041642189025878906
31805,0.0013446807861328125
31820,0.0279998779296875
31825,0.00661468505859375
31830,2.2313232421875
31870,0.5072593688964844
31885,0.96514892578125
31890,0.026592254638671875
31895,0.13722610473632812
31896,0.06263923645019531
31905,0.00254058837890625
31930,0.003954887390136719
31940,0.08811378479003906
31950,22.49310302734375
31955,0.497955322265625
31970,0.0012874603271484375
31972,0.001354217529296875
31976,0.045673370361328125
31985,4.48797607421875
32005,0.09352874755859375
32031,0.0404052734375
32055,0.1243896484375
32075,0.0060749053955078125
32080,0.0017852783203125
32095,0.01416015625
32100,1.18487548828125
32104,0.00043201446533203125
32105,0.014802932739257812
32120,0.04959869384765625
32140,0.98309326171875
32165,0.0334625244140625
32195,0.12191390991210938
32208,0.0
32211,0.0018825531005859375
32214,0.0
32235,0.0067043304443359375
32250,0.007616996765136719
32259,0.00121307373046875
32260,0.0907745361328125
32275,0.08106613159179688
32295,0.0112152099609375
32305,0.053043365478515625
32310,0.004314422607421875
32315,0.587890625
32345,0.00133514404296875
32378,0.0016269683837890625
32390,0.95703125
32395,13.94940185546875
32420,0.0
32430,0.5353775024414062
32437,8.96453857421875e-05
32460,0.11211967468261719
32491,0.071990966796875
32495,2.4213638305664062
32525,0.0095672607421875
32530,0.00394439697265625
32535,0.018163681030273438
32556,0.00225830078125
32565,0.0060749053955078125
32605,0.000286102294921875
32615,0.0029811859130859375
32625,0.390472412109375
32635,0.057769775390625
32640,0.052593231201171875
32652,2.86102294921875e-06
32665,0.029876708984375
32685,1.88909912109375
32695,0.011199951171875
32705,0.04864501953125
32710,0.020904541015625
32717,0.00128173828125
32720,0.1618795394897461
32730,7.834220886230469
32775,0.0003871917724609375
32785,0.123046875
32790,0.04854583740234375
32814,0.002994537353515625
32827,0.0
32828,0.0009708404541015625
32830,0.03985595703125
32840,0.0058574676513671875
32845,4.08343505859375
32850,2.16259765625
32851,1.2620697021484375
32860,0.002880096435546875
32865,0.0010700225830078125
32875,0.0002880096435546875
32880,0.00046062469482421875
32890,0.018798828125
32895,0.00656890869140625
32910,0.0025835037231445312
32911,0.0006036758422851562
32940,0.0020294189453125
32955,0.037079811096191406
32960,0.00025653839111328125
32975,1.494140625
32990,1.6282281875610352
33014,0.0
33030,0.0024967193603515625
33045,0.1552581787109375
33050,0.0106048583984375
33060,0.05126953125
33085,0.03035736083984375
33090,0.030155181884765625
33115,0.001049041748046875
33120,11.906570434570312
33140,0.7905006408691406
33165,0.09875297546386719
33170,0.003902435302734375
33185,0.34515380859375
33205,0.10776519775390625
33230,0.09246826171875
33250,0.710662841796875
33273,0.000797271728515625
33300,0.00018310546875
33315,0.0049381256103515625
33330,13.7200927734375
33335,0.04443359375
33340,0.006211280822753906
33355,0.43701171875
33360,8.240947723388672
33365,3.4601898193359375
33375,0.66253662109375
33380,0.3045654296875
33385,3.18438720703125
33404,0.001007080078125
33415,0.002105712890625
33420,0.00032806396484375
33425,0.118927001953125
33426,0.002338409423828125
33445,2.0200347900390625
33454,0.003696441650390625
33460,0.0034847259521484375
33470,0.0010843276977539062
33475,0.001369476318359375
33510,0.0095367431640625
33520,0.017108917236328125
33523,0.20821380615234375
33525,0.9751358032226562
33535,0.014980316162109375
33545,0.4066314697265625
33552,0.0
33565,0.00244140625
33569,0.0
33590,0.16448974609375
33600,1.3660240173339844
33610,0.05568695068359375
33615,0.032958984375
33620,0.00212860107421875
33643,0.61810302734375
33670,0.082275390625
33707,0.0005731582641601562
33710,0.0174407958984375
33715,0.000720977783203125
33761,0.0
33778,0.6991195678710938
33781,0.001773834228515625
33795,0.11492919921875
33805,0.068206787109375
33815,0.234832763671875
33830,0.00032901763916015625
33835,1.14697265625
33850,0.7132568359375
33861,3.528594970703125e-05
33885,0.00337982177734375
33905,0.5122261047363281
33920,0.2988739013671875
33925,0.2606391906738281
33930,0.5830001831054688
33935,0.832763671875
33945,0.1026458740234375
33955,0.001384735107421875
33964,7.62939453125e-06
33975,0.012237548828125
33985,0.47607421875
34015,0.0006103515625
34045,0.0078277587890625
34070,1.0720443725585938
34075,0.00543212890625
34095,0.12933349609375
34100,0.0052642822265625
34108,0.00084686279296875
34115,0.019439697265625
34130,0.0077362060546875
34155,0.07810592651367188
34157,0.0008916854858398438
34170,0.27159690856933594
34175,0.00042724609375
34185,0.0016393661499023438
34190,5.1734619140625
34192,0.003452301025390625
34195,1.534402847290039
34210,1.5934295654296875
34215,0.0059108734130859375
34217,0.0014858245849609375
34218,10.71044921875
34220,4.02099609375
34225,0.0
34227,0.0
34255,0.008162498474121094
34260,0.774169921875
34262,0.00446319580078125
34270,0.0015401840209960938
34295,0.8756103515625
34300,0.0013027191162109375
34306,0.0
34308,0.0006074905395507812
34320,0.01564502716064453
34325,4.61895751953125
34330,0.00067901611328125
34355,0.100830078125
34386,0.0
34395,0.002681732177734375
34407,0.0009860992431640625
34420,0.059814453125
34440,0.04909515380859375
34453,0.00078582763671875
34470,0.06745147705078125
34475,0.016326904296875
34480,0.006580352783203125
34502,0.001590728759765625
34513,0.30181884765625
34520,0.0023193359375
34530,0.00586700439453125
34550,0.0179290771484375
34570,0.00033664703369140625
34580,0.0017023086547851562
34585,0.0002384185791015625
34600,0.165069580078125
34605,0.2349853515625
34615,0.0
34620,0.00527191162109375
34634,0.0
34665,0.009784698486328125
34675,0.4476318359375
34680,0.039931297302246094
34685,0.0
34715,0.0015735626220703125
34725,0.5830526351928711
34740,0.03216552734375
34775,0.4349327087402344
34795,0.004425048828125
34800,0.02630615234375
34810,0.034618377685546875
34815,0.39990234375
34825,0.3330078125
34865,0.000102996826171875
34890,4.04150390625
34895,0.07818603515625
34900,0.0
34915,0.0005388259887695312
34945,0.0092010498046875
34950,0.2730979919433594
34955,0.01165771484375
34962,0.09393310546875
34965,0.001708984375
34978,0.0005903244018554688
34980,0.0009021759033203125
34990,0.0068073272705078125
35010,0.2517242431640625
35015,4.0110931396484375
35050,0.0113372802734375
35055,2.1107053756713867
35065,0.033359527587890625
35075,0.0002651214599609375
35095,1.2581195831298828
35105,0.472412109375
35115,1.8266143798828125
35120,6.38690185546875
35130,0.5221109390258789
35135,0.0016994476318359375
35140,0.3843994140625
35145,0.0
35160,1.8677978515625
35165,0.007886886596679688
35170,0.3036346435546875
35175,0.032894134521484375
35180,0.00067901611328125
35195,0.333984375
35210,0.023632049560546875
35215,0.007920265197753906
35220,0.0973968505859375
35245,0.042022705078125
35263,0.002506256103515625
35265,0.00485992431640625
35270,0.0
35288,0.0008115768432617188
35305,0.01062774658203125
35325,0.087738037109375
35345,0.4763622283935547
35350,0.213836669921875
35355,0.06591796875
35370,0.07232189178466797
35385,2.55963134765625
35395,2.064779281616211
35405,0.07153701782226562
35410,0.0020599365234375
35435,0.0006427764892578125
35455,0.0010356903076171875
35460,0.0011348724365234375
35500,0.0075836181640625
35525,0.12019634246826172
35565,0.0023517608642578125
35570,0.010196685791015625
35575,5.767822265625
35580,0.02648162841796875
35590,0.004687309265136719
35605,0.0
35615,0.244140625
35620,0.1096038818359375
35623,0.002490997314453125
35637,0.7158203125
35645,0.00038242340087890625
35660,0.038043975830078125
35664,0.0
35675,0.06790542602539062
35705,0.4911766052246094
35731,0.212554931640625
35735,0.0736083984375
35745,0.543121337890625
35770,0.1283416748046875
35771,0.0
35775,1.1332855224609375
35780,0.002948760986328125
35795,0.000133514404296875
35800,0.149749755859375
35810,0.165496826171875
35817,0.027788162231445312
35820,0.1812458038330078
35825,0.0
35833,0.001132965087890625
35860,0.507354736328125
35865,19.87750244140625
35871,0.0
35907,7.915496826171875e-05
35910,0.001331329345703125
35920,0.0323486328125
35925,0.0015106201171875
35940,0.0830078125
35941,0.00400543212890625
35956,0.0
35962,13.43145751953125
35970,1.1944580078125
35975,0.0516357421875
36000,0.024810791015625
36015,1.194091796875
36055,0.08843994140625
36085,0.11474609375
36095,1.61865234375
36124,0.1399993896484375
36130,0.005146026611328125
36155,0.6336669921875
36156,0.0049591064453125
36180,0.18120574951171875
36200,0.003620147705078125
36219,0.006325721740722656
36220,1.6581802368164062
36255,0.041015625
36260,1.676513671875
36280,0.32373046875
36310,0.2999267578125
36320,0.0003643035888671875
36325,1.2266845703125
36330,1.2918701171875
36345,0.0692138671875
36346,0.0
36364,0.0
36375,0.005963325500488281
36395,1.2163543701171875
36405,0.013092041015625
36410,0.0004634857177734375
36415,0.00490570068359375
36430,7.474365234375
36434,0.015417098999023438
36453,0.03600502014160156
36455,0.00014400482177734375
36499,0.0011005401611328125
36509,0.001384735107421875
36510,0.00052642822265625
36515,0.0900115966796875
36530,0.03497314453125
36550,0.022939682006835938
36555,0.0005140304565429688
36610,0.0026636123657226562
36625,0.15799713134765625
36631,0.00052642822265625
36635,0.36358642578125
36640,0.025365829467773438
36645,3.2641067504882812
36650,0.34307861328125
36685,2.726593017578125
36690,0.01910400390625
36715,1.82098388671875
36749,0.0
36795,0.363006591796875
36800,0.178802490234375
36809,0.007006645202636719
36810,0.0085296630859375
36815,0.00099945068359375
36830,0.076263427734375
36835,0.6064453125
36855,0.0011844635009765625
36860,0.0790557861328125
36865,0.014550209045410156
36870,0.161773681640625
36890,0.0037670135498046875
36905,3.1580810546875
36915,0.00457763671875
36920,0.13458251953125
36925,0.220458984375
36930,0.03472900390625
36950,2.1812591552734375
36955,0.39404296875
36960,1.69189453125
36970,1.89599609375
36972,0.0018253326416015625
36980,0.5769338607788086
37015,0.0260009765625
37020,0.0142974853515625
37038,0.01436614990234375
37040,0.3082275390625
37045,5.059326171875
37050,0.0
37080,0.0024394989013671875
37095,0.0020580291748046875
37120,0.452728271484375
37122,0.0
37125,0.000179290771484375
37215,0.0089263916015625
37280,0.0046062469482421875
37315,0.0197601318359375
37316,0.0
37320,0.0
37325,0.04257965087890625
37365,0.033313751220703125
37370,1.5413818359375
37385,3.00567626953125
37415,0.8916015625
37420,0.007273674011230469
37425,9.132568359375
37435,0.01554107666015625
37470,0.32641124725341797
37480,1.0720539093017578
37483,0.00018405914306640625
37485,0.009716033935546875
37490,0.0482940673828125
37510,0.151214599609375
37515,0.346343994140625
37543,0.0
37545,0.01988983154296875
37571,0.0102996826171875
37600,0.04290771484375
37605,0.0318603515625
37620,0.007843017578125
37641,0.0359344482421875
37650,0.012617111206054688
37655,0.00377655029296875
37660,0.23406982421875
37665,0.085601806640625
37680,1.804443359375
37705,0.0274200439453125
37715,0.1285114288330078
37725,0.110504150390625
37770,0.0169677734375
37776,0.00160980224609375
37785,0.7271833419799805
37795,0.0003490447998046875
37823,0.019884109497070312
37830,1.2890625
37855,0.25638580322265625
37864,0.0
37905,0.0001697540283203125
37935,0.03277587890625
37940,0.07217979431152344
37966,0.008707046508789062
37970,1.1158447265625
37975,1.072265625
37980,0.0447998046875
38000,0.009290695190429688
38016,0.01021575927734375
38040,0.0369873046875
38050,0.08327102661132812
38065,0.0125732421875
38090,4.299407958984375
38098,0.0002899169921875
38105,0.0220947265625
38115,0.00208282470703125
38138,0.0819854736328125
38143,0.0
38145,0.19543838500976562
38151,0.0
38165,0.055419921875
38175,2.7392578125
38195,0.016193389892578125
38201,0.390380859375
38210,5.575927734375
38225,0.0110015869140625
38235,0.005639076232910156
38240,0.14191627502441406
38246,0.005550384521484375
38254,0.0106201171875
38260,0.3452301025390625
38265,0.0142669677734375
38267,0.5438232421875
38278,0.00508880615234375
38280,0.008411407470703125
38290,0.0009412765502929688
38300,0.00273895263671875
38310,0.0
38340,0.0019741058349609375
38355,0.001941680908203125
38360,0.030576705932617188
38370,0.00026702880859375
38380,0.012737274169921875
38390,0.025604248046875
38410,0.002490997314453125
38420,0.03887939453125
38425,0.0026750564575195312
38445,0.14247512817382812
38460,0.0011081695556640625
38485,0.010101318359375
38490,0.00275421142578125
38500,0.0018472671508789062
38510,0.004367828369140625
38525,1.203338623046875
38530,0.4034271240234375
38570,1.0730552673339844
38576,0.00164031982421875
38580,0.186279296875
38585,0.204833984375
38586,0.0
38605,1.164703369140625
38610,0.0
38620,0.00640869140625
38630,5.3192138671875
38635,0.0139617919921875
38640,0.0091705322265625
38650,0.072174072265625
38665,0.010587692260742188
38680,0.8234729766845703
38685,1.0943603515625
38700,0.1864013671875
38727,0.0001735687255859375
38738,0.000133514404296875
38740,0.026458740234375
38745,0.00345611572265625
38759,0.0016422271728515625
38780,0.002044677734375
38830,0.001316070556640625
38848,0.014604568481445312
38850,0.0008697509765625
38855,0.5395698547363281
38860,0.12133026123046875
38884,0.008153915405273438
38885,0.0012273788452148438
38888,0.002254486083984375
38900,0.0050868988037109375
38915,0.05841064453125
38920,0.00702667236328125
38925,0.314453125
38930,0.09112262725830078
38940,0.1445770263671875
38941,0.0
38965,0.1482086181640625
38975,0.0038480758666992188
38985,0.012939453125
38995,0.04779052734375
39055,0.03765583038330078
39065,0.0962371826171875
39070,0.0024890899658203125
39075,0.2571134567260742
39080,0.08539390563964844
39083,0.02545166015625
39090,0.1229248046875
39095,0.0487060546875
39100,0.0017452239990234375
39108,0.093292236328125
39155,0.03679656982421875
39165,0.0076904296875
39175,0.0003147125244140625
39189,0.0
39195,0.0011157989501953125
39205,0.007982254028320312
39215,0.000431060791015625
39230,0.23221206665039062
39238,26.518692016601562
39250,0.21221923828125
39255,0.006809234619140625
39260,0.07517242431640625
39275,0.0033111572265625
39290,0.65234375
39297,0.13694000244140625
39300,0.10683441162109375
39302,0.0
39310,0.05401611328125
39315,2.2755279541015625
39326,0.00018024444580078125
39327,0.0006036758422851562
39335,6.6375732421875
39343,0.22296142578125
39360,1.10577392578125
39370,6.4849853515625e-05
39380,0.0012111663818359375
39385,0.0010204315185546875
39398,0.0623321533203125
39403,0.08890628814697266
39406,0.0002155303955078125
39410,0.16172409057617188
39415,0.015807151794433594
39420,0.003108978271484375
39439,0.0017490386962890625
39465,0.0244140625
39474,0.010013580322265625
39475,0.9505615234375
39480,0.36833953857421875
39515,0.0016021728515625
39520,0.03212547302246094
39545,0.0047607421875
39553,0.0
39564,0.007781982421875
39575,0.3515357971191406
39585,0.084320068359375
39595,0.0007696151733398438
39605,0.0032854080200195312
39610,0.097198486328125
39625,0.0023088455200195312
39626,0.000324249267578125
39635,5.53240966796875
39645,0.0019826889038085938
39649,8.678436279296875e-05
39650,9.822845458984375e-05
39655,0.00539398193359375
39665,0.08501529693603516
39670,0.003009796142578125
39695,1.2732086181640625
39705,0.0061283111572265625
39706,0.00033283233642578125
39708,6.961822509765625e-05
39715,0.00206756591796875
39719,2.631500244140625
39720,0.04395294189453125
39740,0.0067138671875
39744,0.0080413818359375
39745,0.00569915771484375
39750,0.014373779296875
39762,0.000209808349609375
39775,0.0037479400634765625
39785,0.9416351318359375
39790,0.0136566162109375
39795,0.10040283203125
39800,0.00152587890625
39810,0.014321327209472656
39815,4.374755859375
39820,12.668914794921875
39826,0.00019073486328125
39865,0.0589599609375
39885,0.07010269165039062
39895,0.0004787445068359375
39900,1.67919921875
39910,0.3331756591796875
39925,0.16808319091796875
39930,0.06926536560058594
39935,0.0
39945,0.0016689300537109375
39950,0.008517265319824219
39970,2.767547607421875
39980,1.3043880462646484
40004,0.0006074905395507812
40006,0.0005178451538085938
40010,1.975341796875
40020,0.01572418212890625
40060,0.05509185791015625
40065,0.00676727294921875
40070,0.001415252685546875
40080,0.35760498046875
40095,0.0017833709716796875
40105,0.0048370361328125
40140,0.057586669921875
40164,0.007038116455078125
40165,0.028352737426757812
40170,0.0016984939575195312
40182,0.008268356323242188
40185,0.024383544921875
40190,0.1134033203125
40206,0.00027179718017578125
40208,0.003787994384765625
40215,0.01361846923828125
40234,0.008087158203125
40235,0.006222724914550781
40240,0.027944564819335938
40250,0.1065673828125
40255,0.7607421875
40265,0.0773162841796875
40275,0.01183319091796875
40280,0.008177757263183594
40285,0.00276947021484375
40308,0.01885223388671875
40315,0.0048580169677734375
40330,0.0115203857421875
40345,0.545745849609375
40350,0.02170562744140625
40355,0.001628875732421875
40360,0.002613067626953125
40370,0.00335693359375
40375,0.0034046173095703125
40380,4.1602935791015625
40390,0.3797454833984375
40410,0.00057220458984375
40412,0.029205322265625
40415,0.10140419006347656
40449,0.0
40455,0.0
40460,0.00041961669921875
40485,10.13763427734375
40516,0.0
40529,0.0010051727294921875
40530,0.0124359130859375
40553,0.024349212646484375
40575,0.30841064453125
40610,0.009185791015625
40635,0.33590221405029297
40640,0.11617279052734375
40645,0.220489501953125
40650,7.43865966796875e-05
40660,0.15297889709472656
40670,1.01837158203125
40680,0.002910614013671875
40695,0.01816082000732422
40709,0.0
40718,0.0028543472290039062
40735,0.0115814208984375
40754,0.0005369186401367188
40775,0.02231597900390625
40785,0.00030231475830078125
40805,0.009031295776367188
40820,0.017223358154296875
40850,0.1247406005859375
40860,0.27140045166015625
40870,0.017177581787109375
40880,0.1568450927734375
40900,0.37056922912597656
40915,0.0
40931,0.00263214111328125
40945,3.2529525756835938
40950,0.17241668701171875
40961,0.0063686370849609375
40980,0.01153564453125
40991,0.026540756225585938
40998,0.00038433074951171875
41020,0.000835418701171875
41025,6.4849853515625e-05
41030,0.1163330078125
41045,0.01663970947265625
41049,0.020641326904296875
41058,0.00029850006103515625
41059,0.0050640106201171875
41060,0.0008792877197265625
41065,0.2049560546875
41078,0.02964019775390625
41079,0.0
41080,0.0008678436279296875
41085,0.014820098876953125
41100,0.0926361083984375
41110,0.0008440017700195312
41125,0.03453254699707031
41132,0.00191497802734375
41140,0.026947021484375
41145,0.05985260009765625
41155,0.56610107421875
41160,0.010385513305664062
41164,0.23774433135986328
41171,0.008487701416015625
41175,2.88958740234375
41177,0.0
41180,0.017145156860351562
41191,0.01324462890625
41200,0.12190818786621094
41220,0.126800537109375
41235,0.00013828277587890625
41245,0.00612640380859375
41250,9.664306640625
41255,0.0345001220703125
41262,0.13336181640625
41265,0.0457763671875
41275,15.254150390625
41280,0.57861328125
41285,0.014553070068359375
41290,0.028167724609375
41300,0.001819610595703125
41304,0.0
41310,0.0131072998046875
41319,0.0011501312255859375
41340,10.585693359375
41355,0.023746490478515625
41367,0.9909439086914062
41370,0.006367683410644531
41380,0.525360107421875
41395,0.003665924072265625
41405,0.0007085800170898438
41410,0.0004863739013671875
41415,0.5030517578125
41470,8.392333984375e-05
41480,0.012975692749023438
41495,0.0081939697265625
41500,0.8869171142578125
41505,0.00557708740234375
41510,0.4337158203125
41515,0.0007839202880859375
41560,0.02935791015625
41564,0.0
41595,10.494873046875
41630,0.006237030029296875
41640,0.0002880096435546875
41645,0.7884292602539062
41650,0.03509521484375
41652,0.0044403076171875
41655,0.081329345703125
41660,0.36493682861328125
41665,0.3513946533203125
41670,0.00022792816162109375
41681,0.0073909759521484375
41740,0.131256103515625
41765,0.0014801025390625
41770,0.0247802734375
41780,0.135650634765625
41790,0.09325408935546875
41795,0.0016965866088867188
41800,0.0767822265625
41815,0.04607391357421875
41830,0.027313232421875
41845,0.001796722412109375
41850,0.16845703125
41855,0.3096485137939453
41870,0.080291748046875
41880,0.045166015625
41900,0.1341552734375
41935,0.447296142578125
41942,0.1049795150756836
41970,0.07861709594726562
41975,0.018768310546875
41985,0.015727996826171875
41988,0.0015506744384765625
41995,0.000232696533203125
42005,0.0140533447265625
42010,2.299041748046875
42015,0.0030727386474609375
42055,0.0080413818359375
42060,0.97760009765625
42065,0.00667572021484375
42082,0.00023174285888671875
42095,0.5945358276367188
42105,1.5476608276367188
42110,0.0054225921630859375
42115,2.1900405883789062
42130,0.066864013671875
42135,0.8115348815917969
42148,0.024261474609375
42150,0.03143310546875
42160,0.9580078125
42165,0.1036529541015625
42170,0.00678253173828125
42175,0.000598907470703125
42177,0.00026798248291015625
42185,0.18731689453125
42195,0.60491943359375
42205,0.0660400390625
42215,0.00054931640625
42220,0.004302978515625
42235,0.029755592346191406
42240,0.0003376007080078125
42245,0.0005950927734375
42255,0.0001697540283203125
42280,0.3391275405883789
42285,0.004040718078613281
42290,0.4471435546875
42291,0.00049591064453125
42300,0.018703460693359375
42320,0.10998058319091797
42333,0.00018978118896484375
42344,0.0013818740844726562
42350,0.0002346038818359375
42385,0.0005197525024414062
42390,0.17934417724609375
42407,0.0
42420,0.01190185546875
42425,2.36981201171875
42430,0.8401327133178711
42436,0.0001163482666015625
42440,0.04360198974609375
42465,0.3656005859375
42475,4.6233367919921875
42490,7.343292236328125e-05
42494,0.00043487548828125
42495,0.00025653839111328125
42497,0.003200531005859375
42498,0.000148773193359375
42500,0.002269744873046875
42505,0.000308990478515625
42515,0.00011539459228515625
42523,0.0002117156982421875
42525,6.961822509765625e-05
42526,0.00015926361083984375
42530,0.002109527587890625
42535,0.1395263671875
42560,0.003826141357421875
42570,0.0283355712890625
42573,4.100799560546875e-05
42580,0.0030670166015625
42585,0.005115509033203125
42605,0.00228118896484375
42621,0.1400299072265625
42624,0.0
42635,0.0545501708984375
42660,11.22503662109375
42670,0.00057220458984375
42677,0.027587890625
42688,0.001728057861328125
42690,0.034816741943359375
42720,0.00534820556640625
42738,0.010356903076171875
42760,1.5441131591796875
42770,0.000209808349609375
42780,0.0024366378784179688
42785,0.00045108795166015625
42820,1.2431640625
42850,0.2528839111328125
42865,0.0006122589111328125
42867,0.00286102294921875
42875,0.03452301025390625
42885,0.2194671630859375
42888,0.3548583984375
42895,0.00508880615234375
42905,0.00679779052734375
42925,0.11480712890625
42940,0.042205810546875
42951,0.0
42962,0.0007810592651367188
42965,0.01094818115234375
42980,0.00659942626953125
42990,0.86279296875
43015,0.02301025390625
43045,9.345458984375
43050,0.010271072387695312
43075,0.001049041748046875
43080,0.021715164184570312
43090,0.00481414794921875
43125,0.0019254684448242188
43130,0.0493927001953125
43140,0.00226593017578125
43145,0.1297607421875
43150,0.000457763671875
43155,0.131683349609375
43165,0.0063686370849609375
43170,0.02178192138671875
43175,0.0
43197,0.00018310546875
43205,1.7038764953613281
43215,0.0809173583984375
43235,0.00514984130859375
43237,0.0003261566162109375
43240,7.343292236328125e-05
43245,3.04345703125
43250,0.39198875427246094
43265,8.20159912109375e-05
43280,0.042766571044921875
43285,0.021881103515625
43290,0.007556915283203125
43295,0.018695831298828125
43300,0.003154754638671875
43305,1.385009765625
43325,0.0
43338,0.04791259765625
43355,0.0345458984375
43365,0.005244255065917969
43375,0.0089263916015625
43385,1.46832275390625
43404,0.0019989013671875
43405,2.024749755859375
43410,0.0030574798583984375
43415,0.487060546875
43422,0.0005321502685546875
43485,0.0018367767333984375
43486,0.0018482208251953125
43490,1.048919677734375
43500,0.05623626708984375
43507,0.00030803680419921875
43515,0.023895263671875
43522,0.0017795562744140625
43536,0.0008544921875
43546,0.06682586669921875
43549,0.0
43550,0.0548095703125
43565,0.0149078369140625
43575,1.940032958984375
43595,0.012950897216796875
43604,7.43865966796875e-05
43605,0.007659912109375
43610,0.17841339111328125
43615,0.0034809112548828125
43625,0.1116943359375
43637,0.0141448974609375
43640,0.00262451171875
43646,0.0
43650,0.0026092529296875
43655,0.06272506713867188
43660,0.10089111328125
43665,2.0269775390625
43680,0.0143890380859375
43695,0.703033447265625
43700,0.02716064453125
43715,0.026824951171875
43725,0.7904205322265625
43730,0.064697265625
43735,0.005707740783691406
43789,0.0
43805,0.00542449951171875
43825,0.058868408203125
43840,0.00579833984375
43845,0.000232696533203125
43855,0.263671875
43885,0.0853271484375
43911,0.00153350830078125
43918,0.0
43920,0.0024652481079101562
43926,0.03106689453125
43931,0.0
43932,0.00091552734375
43935,0.07911396026611328
43950,0.07149505615234375
43968,0.000690460205078125
43970,0.0001735687255859375
43975,0.002841949462890625
43990,4.5439453125
44014,0.0031995773315429688
44025,0.01898193359375
44030,0.0999755859375
44060,0.50244140625
44065,0.0013790130615234375
44075,0.1535797119140625
44083,0.0002307891845703125
44085,0.0002288818359375
44106,0.0008373260498046875
44110,0.01689910888671875
44115,0.0061054229736328125
44130,0.01256561279296875
44150,0.002399444580078125
44160,0.0891876220703125
44165,0.0010509490966796875
44180,0.00012493133544921875
44205,0.1297760009765625
44216,0.068115234375
44220,0.00028228759765625
44225,0.010772705078125
44250,0.2526512145996094
44303,0.0035562515258789062
44325,17.255615234375
44329,0.0011749267578125
44330,0.37939453125
44340,0.0006656646728515625
44350,0.08765029907226562
44355,0.0008153915405273438
44360,0.615234375
44365,0.007610321044921875
44380,2.0386962890625
44405,0.8045158386230469
44410,0.001392364501953125
44415,0.0537872314453125
44425,0.0450439453125
44430,0.2696037292480469
44435,0.00035953521728515625
44460,0.0048065185546875
44464,0.00249481201171875
44465,0.004669189453125
44475,0.002780914306640625
44480,0.07522201538085938
44485,0.22397708892822266
44490,5.7109375
44505,0.1298828125
44525,0.02506256103515625
44535,0.11536788940429688
44569,0.0
44570,0.00014400482177734375
44580,1.4110565185546875
44605,0.0007724761962890625
44620,0.9750280380249023
44625,0.8751220703125
44630,0.22216796875
44635,1.447265625
